Varaint	4m0y_ligand_similar_1	4m0y_ligand_similar_10	4m0y_ligand_similar_11	4m0y_ligand_similar_12	4m0y_ligand_similar_13	4m0y_ligand_similar_14	4m0y_ligand_similar_15	4m0y_ligand_similar_16	4m0y_ligand_similar_17	4m0y_ligand_similar_18	4m0y_ligand_similar_19	4m0y_ligand_similar_2	4m0y_ligand_similar_20	4m0y_ligand_similar_21	4m0y_ligand_similar_22	4m0y_ligand_similar_23	4m0y_ligand_similar_24	4m0y_ligand_similar_25	4m0y_ligand_similar_26	4m0y_ligand_similar_27	4m0y_ligand_similar_28	4m0y_ligand_similar_29	4m0y_ligand_similar_3	4m0y_ligand_similar_30	4m0y_ligand_similar_31	4m0y_ligand_similar_32	4m0y_ligand_similar_33	4m0y_ligand_similar_34	4m0y_ligand_similar_35	4m0y_ligand_similar_36	4m0y_ligand_similar_37	4m0y_ligand_similar_38	4m0y_ligand_similar_39	4m0y_ligand_similar_4	4m0y_ligand_similar_40	4m0y_ligand_similar_41	4m0y_ligand_similar_42	4m0y_ligand_similar_43	4m0y_ligand_similar_44	4m0y_ligand_similar_45	4m0y_ligand_similar_46	4m0y_ligand_similar_47	4m0y_ligand_similar_48	4m0y_ligand_similar_49	4m0y_ligand_similar_5	4m0y_ligand_similar_50	4m0y_ligand_similar_51	4m0y_ligand_similar_52	4m0y_ligand_similar_53	4m0y_ligand_similar_54	4m0y_ligand_similar_55	4m0y_ligand_similar_56	4m0y_ligand_similar_57	4m0y_ligand_similar_58	4m0y_ligand_similar_59	4m0y_ligand_similar_6	4m0y_ligand_similar_7	4m0y_ligand_similar_8	4m0y_ligand_similar_9	4m0z_ligand_similar_1	4m0z_ligand_similar_10	4m0z_ligand_similar_11	4m0z_ligand_similar_12	4m0z_ligand_similar_13	4m0z_ligand_similar_14	4m0z_ligand_similar_15	4m0z_ligand_similar_16	4m0z_ligand_similar_17	4m0z_ligand_similar_18	4m0z_ligand_similar_19	4m0z_ligand_similar_2	4m0z_ligand_similar_20	4m0z_ligand_similar_21	4m0z_ligand_similar_22	4m0z_ligand_similar_23	4m0z_ligand_similar_24	4m0z_ligand_similar_25	4m0z_ligand_similar_26	4m0z_ligand_similar_27	4m0z_ligand_similar_28	4m0z_ligand_similar_29	4m0z_ligand_similar_3	4m0z_ligand_similar_30	4m0z_ligand_similar_31	4m0z_ligand_similar_32	4m0z_ligand_similar_33	4m0z_ligand_similar_34	4m0z_ligand_similar_35	4m0z_ligand_similar_36	4m0z_ligand_similar_37	4m0z_ligand_similar_38	4m0z_ligand_similar_39	4m0z_ligand_similar_4	4m0z_ligand_similar_40	4m0z_ligand_similar_41	4m0z_ligand_similar_42	4m0z_ligand_similar_43	4m0z_ligand_similar_44	4m0z_ligand_similar_45	4m0z_ligand_similar_46	4m0z_ligand_similar_47	4m0z_ligand_similar_48	4m0z_ligand_similar_49	4m0z_ligand_similar_5	4m0z_ligand_similar_50	4m0z_ligand_similar_51	4m0z_ligand_similar_52	4m0z_ligand_similar_53	4m0z_ligand_similar_54	4m0z_ligand_similar_55	4m0z_ligand_similar_56	4m0z_ligand_similar_57	4m0z_ligand_similar_58	4m0z_ligand_similar_59	4m0z_ligand_similar_6	4m0z_ligand_similar_7	4m0z_ligand_similar_8	4m0z_ligand_similar_9	4qd6_ligand_similar_1	4qd6_ligand_similar_10	4qd6_ligand_similar_11	4qd6_ligand_similar_12	4qd6_ligand_similar_2	4qd6_ligand_similar_3	4qd6_ligand_similar_4	4qd6_ligand_similar_5	4qd6_ligand_similar_6	4qd6_ligand_similar_7	4qd6_ligand_similar_8	4qd6_ligand_similar_9	4rfm_ligand_similar_1	4rfm_ligand_similar_10	4rfm_ligand_similar_11	4rfm_ligand_similar_12	4rfm_ligand_similar_13	4rfm_ligand_similar_14	4rfm_ligand_similar_15	4rfm_ligand_similar_16	4rfm_ligand_similar_17	4rfm_ligand_similar_18	4rfm_ligand_similar_19	4rfm_ligand_similar_2	4rfm_ligand_similar_20	4rfm_ligand_similar_21	4rfm_ligand_similar_22	4rfm_ligand_similar_23	4rfm_ligand_similar_24	4rfm_ligand_similar_25	4rfm_ligand_similar_26	4rfm_ligand_similar_27	4rfm_ligand_similar_28	4rfm_ligand_similar_29	4rfm_ligand_similar_3	4rfm_ligand_similar_30	4rfm_ligand_similar_31	4rfm_ligand_similar_32	4rfm_ligand_similar_33	4rfm_ligand_similar_34	4rfm_ligand_similar_35	4rfm_ligand_similar_36	4rfm_ligand_similar_37	4rfm_ligand_similar_38	4rfm_ligand_similar_39	4rfm_ligand_similar_4	4rfm_ligand_similar_5	4rfm_ligand_similar_6	4rfm_ligand_similar_7	4rfm_ligand_similar_8	4rfm_ligand_similar_9
4m0y_protein_Repair_1	-8.1	-8.6	-8.2	-8.6	-8.7	-8.3	-8.9	-7.9	-8.4	-8.7	-8.1	-8.9	-8.2	-8.4	-7.9	-8.3	-8.2	-8.3	-8.2	-7.5	-7.0	-6.6	-8.7	-6.9	-7.0	-7.1	-6.5	-7.4	-6.6	-6.7	-7.3	-7.5	-6.7	-8.3	-7.8	-8.1	-6.7	-6.4	-7.9	-7.8	-6.9	-7.4	-6.7	-8.0	-8.3	-8.3	-8.4	-7.6	-9.0	-8.5	-7.2	-6.5	-7.0	-8.3	-6.2	-7.6	-8.5	-8.5	-7.8	-8.1	-8.1	-7.8	-8.4	-8.5	-7.8	-8.3	-8.2	-7.9	-8.2	-8.5	-8.6	-8.7	-8.9	-8.8	-8.2	-8.2	-8.3	-8.3	-6.1	-7.0	-6.9	-8.9	-6.8	-9.0	-8.6	-8.3	-7.4	-7.9	-7.5	-7.1	-7.5	-7.6	-8.6	-8.5	-7.7	-6.8	-6.7	-7.3	-6.9	-8.1	-7.7	-7.9	-7.6	-8.4	-7.1	-7.2	-7.4	-7.8	-6.6	-6.5	-8.5	-8.1	-9.4	-7.0	-8.4	-8.3	-7.6	-8.8	-9.7	-9.3	-9.7	-8.8	-10.0	-10.4	-10.1	-9.5	-9.9	-9.2	-9.5	-10.2	-9.7	-9.0	-7.9	-7.9	-8.9	-9.0	-7.9	-7.9	-9.1	-8.8	-8.0	-9.7	-9.3	-8.8	-8.3	-8.4	-8.5	-8.1	-9.0	-8.4	-8.5	-8.5	-9.1	-9.0	-8.6	-7.6	-9.7	-8.1	-8.5	-7.8	-7.5	-8.3	-8.2	-9.9	-9.5	-8.6	-9.1	-9.1	-8.5
4m0y_protein_Repair_10	-7.6	-7.7	-7.8	-7.1	-7.7	-7.8	-7.8	-7.3	-8.1	-7.6	-7.8	-7.5	-7.9	-7.2	-7.3	-7.3	-8.0	-7.9	-7.6	-7.1	-6.5	-6.3	-7.3	-6.3	-7.0	-7.5	-6.2	-6.0	-6.5	-6.1	-6.6	-6.5	-6.6	-7.9	-7.0	-7.7	-5.9	-6.5	-7.8	-7.3	-6.5	-7.7	-7.3	-7.3	-7.7	-7.9	-7.3	-6.8	-8.4	-7.7	-6.9	-6.3	-5.9	-7.2	-5.8	-7.4	-7.6	-7.9	-7.4	-7.6	-8.0	-7.4	-7.2	-7.9	-7.3	-7.8	-7.8	-7.2	-8.0	-8.1	-7.7	-7.7	-7.7	-7.6	-7.7	-7.6	-7.3	-7.9	-5.7	-6.6	-6.4	-7.6	-6.9	-8.5	-8.1	-6.9	-6.9	-7.2	-7.1	-6.6	-6.7	-7.3	-7.2	-7.4	-7.0	-6.3	-6.3	-6.7	-6.3	-7.5	-6.8	-7.0	-7.0	-7.3	-6.5	-7.1	-6.4	-7.4	-6.3	-6.2	-8.0	-7.6	-9.1	-7.0	-7.7	-7.9	-7.4	-7.7	-9.4	-9.1	-9.2	-8.7	-10.6	-9.9	-9.5	-9.9	-9.6	-9.2	-9.2	-9.8	-8.7	-8.8	-8.6	-8.2	-8.0	-8.9	-7.7	-7.7	-8.2	-7.9	-7.8	-9.1	-8.3	-7.9	-8.0	-7.6	-7.6	-7.5	-8.1	-7.8	-7.8	-8.3	-8.2	-8.2	-8.6	-8.0	-9.2	-8.4	-8.0	-7.6	-8.0	-8.0	-7.8	-8.8	-8.4	-8.5	-9.0	-8.3	-8.0
4m0y_protein_Repair_11	-7.3	-7.2	-7.4	-7.1	-7.4	-7.5	-7.6	-7.3	-7.8	-7.3	-7.2	-7.5	-7.6	-7.1	-7.3	-7.3	-7.5	-7.7	-7.6	-7.3	-6.3	-6.3	-7.3	-6.3	-6.8	-7.1	-6.1	-6.3	-6.6	-6.5	-6.8	-6.7	-6.9	-7.4	-7.1	-8.3	-6.7	-6.6	-8.1	-8.0	-6.5	-7.3	-7.2	-7.5	-7.5	-7.7	-8.3	-7.0	-9.0	-7.8	-6.8	-6.4	-6.9	-7.3	-5.6	-7.4	-7.1	-7.5	-7.3	-7.3	-7.6	-7.3	-7.2	-7.5	-7.3	-7.5	-7.5	-7.2	-7.6	-7.8	-7.2	-7.5	-7.6	-7.3	-7.6	-7.5	-7.3	-7.8	-5.6	-6.4	-6.5	-7.5	-6.8	-9.0	-8.4	-7.3	-7.2	-7.4	-7.3	-7.2	-7.2	-7.1	-7.2	-7.7	-7.3	-6.4	-6.3	-7.3	-6.3	-7.8	-7.4	-7.2	-7.7	-7.3	-6.3	-7.0	-6.2	-6.9	-6.2	-6.1	-7.7	-7.7	-9.3	-6.8	-7.4	-7.4	-7.4	-7.1	-9.7	-9.5	-9.7	-9.3	-10.6	-10.3	-9.8	-10.0	-9.3	-9.7	-9.1	-9.8	-9.1	-8.5	-8.5	-8.3	-8.3	-8.3	-7.7	-7.8	-8.4	-8.0	-7.9	-9.3	-8.1	-7.9	-8.2	-7.9	-7.9	-7.5	-8.0	-8.0	-7.7	-8.4	-8.4	-8.1	-8.4	-7.8	-9.1	-8.1	-8.1	-7.7	-7.0	-7.9	-8.0	-9.1	-8.8	-8.8	-9.1	-8.2	-8.4
4m0y_protein_Repair_12	-7.2	-7.5	-7.4	-7.7	-8.0	-7.3	-7.7	-7.3	-7.5	-7.1	-7.2	-7.7	-7.1	-7.5	-7.3	-7.4	-7.2	-7.7	-7.8	-7.0	-6.3	-6.0	-7.1	-6.9	-6.9	-7.4	-6.1	-6.5	-6.5	-6.7	-6.6	-6.6	-6.8	-7.4	-8.2	-7.6	-6.3	-6.2	-8.2	-8.4	-6.4	-7.2	-7.1	-7.8	-7.2	-8.0	-8.2	-7.5	-9.0	-7.7	-6.9	-6.5	-6.8	-7.8	-6.0	-7.1	-7.6	-7.5	-7.4	-7.2	-7.2	-7.4	-7.6	-7.5	-7.3	-7.4	-7.4	-7.3	-7.4	-7.4	-7.5	-8.0	-7.7	-7.1	-7.1	-7.8	-7.3	-7.7	-6.1	-6.8	-6.4	-7.7	-6.8	-9.0	-8.0	-7.3	-7.6	-7.8	-6.8	-7.4	-7.7	-6.9	-7.7	-7.4	-7.3	-6.4	-6.2	-7.6	-6.9	-7.7	-7.6	-7.2	-8.1	-7.0	-6.3	-7.2	-6.6	-7.2	-6.3	-6.1	-8.3	-7.9	-9.2	-6.9	-7.3	-7.4	-7.2	-7.1	-9.6	-9.5	-9.7	-9.1	-10.4	-9.7	-10.2	-10.4	-9.6	-9.8	-9.4	-10.0	-8.8	-9.0	-8.7	-8.5	-8.3	-8.9	-8.1	-8.1	-8.4	-8.4	-7.9	-9.0	-8.6	-8.1	-8.3	-7.9	-7.9	-8.0	-8.5	-7.8	-7.9	-8.6	-8.4	-8.9	-8.6	-7.8	-9.3	-8.3	-7.9	-8.0	-8.0	-8.6	-8.1	-9.1	-8.0	-8.4	-8.5	-8.6	-8.3
4m0y_protein_Repair_13	-7.3	-7.3	-7.4	-7.4	-7.6	-7.4	-8.0	-7.7	-7.5	-7.5	-7.5	-7.8	-7.4	-7.4	-7.5	-7.8	-7.3	-7.6	-7.3	-7.2	-6.5	-6.4	-7.5	-6.2	-7.0	-7.2	-6.3	-6.2	-6.2	-5.9	-6.8	-6.7	-6.4	-7.7	-7.5	-7.8	-6.9	-6.1	-7.5	-7.5	-6.5	-7.1	-6.9	-7.5	-7.5	-7.8	-7.5	-7.2	-8.5	-7.8	-6.2	-6.5	-6.9	-7.5	-5.6	-7.6	-7.6	-7.4	-7.7	-7.3	-7.5	-7.7	-7.5	-7.4	-7.6	-7.4	-7.4	-7.7	-7.3	-7.5	-7.4	-7.6	-8.0	-7.5	-7.4	-7.3	-7.8	-7.6	-5.8	-6.1	-6.6	-7.8	-6.4	-8.5	-7.9	-7.2	-7.1	-7.8	-6.5	-7.2	-6.7	-7.1	-7.4	-7.4	-7.1	-6.3	-6.4	-7.0	-6.4	-7.1	-7.4	-7.2	-6.9	-7.5	-6.5	-6.8	-6.2	-7.0	-6.1	-6.3	-7.8	-7.3	-8.5	-7.0	-7.5	-7.7	-7.6	-7.6	-9.4	-9.2	-9.3	-8.8	-9.8	-9.2	-8.7	-10.0	-9.3	-9.2	-9.0	-9.4	-8.9	-8.1	-8.2	-8.3	-8.2	-8.4	-7.4	-7.4	-7.9	-8.2	-7.9	-8.5	-7.6	-8.0	-7.9	-8.0	-7.6	-7.9	-7.6	-8.0	-7.6	-8.1	-7.8	-8.5	-8.7	-7.5	-9.3	-7.6	-7.8	-7.9	-7.1	-7.9	-8.2	-8.8	-8.7	-8.4	-8.4	-8.3	-8.3
4m0y_protein_Repair_14	-7.3	-7.5	-7.4	-7.9	-7.8	-7.5	-7.9	-7.7	-7.6	-7.8	-7.3	-7.8	-7.6	-7.7	-7.6	-7.5	-7.5	-7.7	-7.5	-7.3	-6.5	-6.5	-7.5	-7.0	-7.0	-6.9	-6.1	-6.4	-6.7	-6.7	-6.6	-6.7	-6.8	-7.6	-7.1	-7.5	-6.1	-6.2	-8.1	-7.9	-6.6	-7.3	-7.0	-7.3	-7.7	-7.7	-8.1	-7.1	-9.0	-7.9	-7.1	-6.3	-6.8	-7.5	-5.7	-7.4	-7.8	-7.6	-7.5	-7.3	-7.1	-7.5	-7.7	-7.5	-7.6	-7.5	-7.4	-7.7	-7.2	-7.5	-7.5	-7.8	-7.9	-7.8	-7.4	-7.5	-7.8	-7.5	-5.8	-6.6	-6.5	-7.8	-6.8	-8.9	-8.3	-7.3	-7.4	-7.5	-7.3	-7.1	-7.4	-7.1	-7.9	-7.9	-7.3	-6.5	-6.9	-7.0	-6.9	-7.7	-7.2	-7.1	-7.7	-7.6	-6.5	-7.0	-6.4	-7.3	-6.2	-6.1	-7.9	-8.0	-9.5	-7.0	-7.7	-7.6	-7.5	-7.8	-9.8	-9.4	-9.6	-8.9	-10.6	-10.2	-8.8	-10.3	-9.6	-9.2	-9.1	-9.0	-9.0	-8.8	-8.6	-8.7	-8.6	-8.8	-8.0	-8.1	-8.7	-8.5	-8.2	-9.2	-8.7	-8.5	-8.5	-8.3	-8.2	-8.2	-8.5	-8.4	-8.0	-7.9	-8.4	-8.7	-9.0	-8.0	-9.4	-7.5	-8.4	-7.7	-7.3	-7.8	-7.7	-9.1	-9.0	-9.5	-8.9	-8.7	-8.2
4m0y_protein_Repair_15	-7.6	-7.7	-7.8	-8.1	-8.1	-7.7	-8.1	-8.0	-7.6	-7.5	-7.4	-8.0	-8.0	-8.1	-7.7	-7.4	-8.0	-7.9	-7.6	-7.3	-6.5	-6.6	-7.7	-7.0	-6.9	-7.0	-6.3	-6.9	-6.7	-6.8	-7.0	-6.6	-6.9	-7.8	-7.9	-8.7	-6.5	-6.4	-8.6	-8.2	-6.6	-7.7	-7.0	-7.9	-7.9	-7.9	-8.5	-7.1	-9.4	-8.0	-7.1	-6.2	-6.5	-7.7	-6.3	-7.6	-7.5	-7.9	-7.5	-7.6	-7.4	-7.7	-8.1	-7.9	-7.6	-7.7	-7.9	-8.0	-7.9	-7.6	-7.7	-8.1	-8.1	-7.5	-8.0	-7.5	-7.5	-8.0	-6.3	-6.9	-6.6	-8.0	-7.3	-9.5	-8.6	-7.3	-7.9	-7.8	-6.7	-7.2	-7.6	-7.8	-8.1	-7.5	-7.6	-6.7	-6.6	-7.5	-7.0	-8.0	-7.8	-8.0	-7.6	-7.7	-6.5	-7.8	-6.9	-7.5	-6.6	-6.4	-8.2	-8.0	-9.8	-6.9	-7.5	-7.8	-7.6	-7.5	-9.9	-9.7	-9.7	-9.0	-10.9	-10.3	-9.7	-10.1	-9.8	-9.5	-9.4	-10.3	-8.7	-9.3	-8.6	-8.6	-8.8	-9.1	-7.9	-8.1	-8.9	-8.4	-8.1	-9.4	-9.0	-8.8	-8.2	-8.2	-8.3	-7.9	-8.7	-7.9	-7.9	-8.5	-9.0	-8.7	-8.6	-8.0	-10.0	-7.7	-8.1	-7.6	-7.5	-8.5	-7.9	-9.5	-9.0	-8.6	-9.1	-9.1	-8.6
4m0y_protein_Repair_16	-7.4	-7.6	-7.6	-8.1	-8.1	-7.5	-8.1	-7.7	-7.9	-8.2	-7.8	-8.0	-7.6	-8.1	-7.6	-7.9	-7.9	-7.8	-7.7	-6.7	-6.4	-6.5	-7.7	-6.1	-6.8	-6.8	-6.4	-6.5	-6.2	-6.2	-6.8	-6.8	-6.5	-7.4	-7.6	-9.0	-6.5	-5.9	-7.7	-7.6	-6.5	-7.5	-7.0	-7.3	-7.6	-7.4	-7.7	-6.5	-8.5	-7.6	-6.4	-6.2	-6.1	-7.3	-5.8	-7.6	-8.2	-7.6	-7.9	-7.4	-7.8	-7.9	-8.1	-7.6	-7.6	-7.5	-7.7	-7.7	-7.9	-7.9	-7.6	-8.1	-8.1	-8.2	-7.6	-7.6	-7.9	-7.8	-5.8	-6.4	-6.5	-8.0	-6.4	-8.5	-8.0	-7.3	-7.6	-7.5	-6.7	-6.8	-6.9	-7.6	-8.1	-7.8	-7.9	-6.5	-6.6	-8.0	-6.0	-7.5	-6.9	-7.4	-7.3	-7.7	-6.4	-6.8	-6.3	-7.1	-6.1	-6.4	-8.2	-8.3	-8.8	-6.8	-7.6	-7.4	-7.5	-8.2	-9.9	-9.3	-9.2	-8.4	-10.9	-9.9	-10.3	-10.7	-9.4	-8.9	-9.4	-9.5	-9.0	-8.6	-8.2	-8.1	-8.2	-8.5	-7.9	-7.9	-8.2	-8.0	-7.8	-8.6	-7.8	-8.2	-8.4	-7.8	-7.4	-7.7	-7.9	-7.9	-7.6	-8.5	-8.1	-8.1	-8.5	-7.5	-10.0	-8.3	-8.5	-8.2	-8.1	-8.4	-8.4	-9.5	-8.1	-8.1	-8.9	-8.4	-8.3
4m0y_protein_Repair_17	-7.8	-7.8	-7.9	-7.6	-8.3	-7.8	-8.4	-7.8	-7.7	-8.2	-7.6	-8.2	-8.0	-8.0	-7.7	-8.0	-7.8	-8.0	-7.6	-7.1	-6.2	-6.8	-7.9	-6.6	-6.9	-7.3	-6.3	-6.8	-6.5	-6.9	-7.1	-6.8	-6.7	-8.1	-7.9	-7.7	-6.7	-6.3	-8.2	-7.8	-6.6	-7.3	-7.4	-8.1	-7.5	-7.9	-7.9	-7.3	-9.1	-7.9	-6.7	-5.8	-6.2	-7.8	-6.0	-7.6	-8.4	-8.1	-7.8	-7.8	-7.6	-7.8	-8.0	-8.1	-7.7	-7.8	-7.9	-7.8	-7.9	-7.6	-7.9	-8.0	-8.5	-8.3	-8.0	-7.6	-8.0	-8.0	-6.0	-6.4	-6.6	-8.2	-6.7	-9.1	-8.1	-7.8	-7.8	-7.7	-7.1	-7.5	-7.3	-7.1	-7.7	-8.1	-7.6	-6.7	-6.8	-7.5	-6.6	-8.0	-7.5	-7.7	-7.6	-7.9	-6.2	-7.3	-6.9	-6.8	-6.3	-6.3	-8.3	-8.3	-8.8	-6.9	-7.5	-8.1	-7.6	-8.3	-10.6	-9.7	-10.1	-8.8	-11.5	-10.9	-10.7	-11.5	-10.7	-9.4	-9.4	-10.7	-9.1	-8.6	-8.5	-8.7	-8.6	-8.6	-7.8	-7.8	-8.4	-8.7	-8.0	-9.0	-8.3	-8.3	-8.4	-8.1	-8.1	-7.9	-8.1	-8.1	-8.0	-8.4	-8.6	-8.4	-8.3	-7.6	-10.4	-8.0	-8.5	-8.0	-8.3	-8.3	-8.4	-9.7	-8.6	-9.1	-8.6	-8.7	-8.3
4m0y_protein_Repair_18	-7.1	-7.2	-7.6	-7.7	-7.6	-7.4	-8.0	-7.6	-7.7	-7.9	-7.4	-7.9	-7.5	-7.5	-7.4	-8.3	-7.4	-7.8	-7.5	-6.5	-6.4	-6.2	-7.3	-6.0	-6.9	-7.4	-6.4	-6.4	-7.1	-6.1	-6.6	-6.8	-6.5	-7.7	-8.0	-7.7	-6.4	-6.7	-8.0	-8.5	-6.5	-7.8	-6.4	-7.7	-7.5	-7.8	-7.7	-7.8	-8.8	-8.6	-6.5	-6.5	-7.0	-7.8	-6.0	-7.8	-7.9	-7.8	-7.7	-7.6	-7.4	-7.6	-7.5	-7.8	-7.5	-7.4	-7.4	-7.7	-7.4	-7.6	-7.1	-7.5	-8.0	-8.0	-7.5	-7.5	-8.3	-7.8	-5.9	-6.8	-6.5	-7.9	-6.8	-8.9	-7.9	-7.9	-8.2	-7.7	-6.7	-7.4	-8.2	-7.6	-7.7	-7.2	-7.9	-6.9	-6.2	-7.9	-6.2	-7.9	-8.2	-8.4	-8.1	-7.6	-6.4	-7.2	-6.4	-7.1	-6.8	-6.5	-7.6	-7.8	-7.6	-6.9	-7.7	-7.7	-7.8	-8.0	-9.5	-9.6	-8.9	-8.4	-9.1	-9.2	-8.9	-9.5	-9.4	-8.7	-9.6	-8.9	-8.9	-8.9	-7.9	-9.2	-8.9	-9.2	-8.2	-8.1	-8.7	-8.4	-8.4	-8.3	-8.6	-8.4	-8.4	-8.5	-7.8	-8.0	-8.2	-8.5	-8.4	-8.3	-8.4	-8.4	-8.6	-7.9	-9.4	-8.1	-7.9	-8.1	-8.5	-8.1	-8.2	-9.2	-9.1	-9.1	-9.2	-9.0	-7.9
4m0y_protein_Repair_2	-7.0	-7.5	-7.0	-7.3	-7.6	-7.5	-7.8	-7.6	-7.2	-7.6	-7.5	-7.6	-7.6	-7.4	-7.4	-7.6	-7.2	-7.1	-7.2	-6.8	-6.3	-6.8	-7.2	-6.1	-6.9	-7.2	-5.6	-6.5	-6.4	-6.5	-6.6	-6.7	-6.7	-7.4	-7.6	-8.9	-6.5	-6.5	-7.9	-7.7	-6.3	-7.7	-7.1	-7.6	-7.2	-7.5	-8.0	-7.6	-8.6	-7.8	-6.4	-6.2	-6.4	-7.4	-6.1	-7.6	-7.7	-7.5	-7.6	-7.0	-7.5	-7.6	-7.3	-7.5	-7.3	-6.9	-7.2	-7.6	-7.3	-7.4	-7.5	-7.6	-7.8	-7.6	-7.4	-7.2	-7.6	-7.2	-6.2	-6.0	-6.3	-7.5	-6.9	-8.7	-7.5	-7.2	-7.0	-7.3	-6.8	-6.7	-7.0	-7.0	-7.3	-8.4	-7.5	-6.7	-6.8	-7.3	-6.1	-7.7	-7.3	-8.0	-8.0	-7.1	-6.1	-7.1	-6.5	-6.9	-6.3	-5.6	-7.5	-7.6	-9.1	-6.9	-7.3	-7.4	-7.3	-7.7	-9.3	-9.3	-9.5	-8.8	-9.5	-9.6	-9.3	-9.5	-9.3	-9.2	-9.1	-9.3	-8.9	-9.2	-8.3	-8.6	-8.5	-7.8	-7.9	-8.0	-8.6	-8.6	-7.3	-9.2	-7.9	-8.3	-7.7	-7.9	-8.2	-7.9	-7.6	-7.9	-7.8	-8.2	-8.2	-8.0	-8.7	-8.0	-9.9	-8.0	-7.7	-7.7	-8.0	-7.9	-7.6	-8.2	-8.2	-8.8	-8.3	-8.4	-8.1
4m0y_protein_Repair_3	-7.9	-7.7	-7.8	-7.5	-7.5	-7.7	-7.8	-7.4	-7.8	-7.5	-7.6	-7.9	-8.2	-7.5	-7.5	-7.4	-8.0	-7.8	-7.2	-7.1	-6.3	-6.3	-7.9	-6.6	-6.9	-7.4	-6.0	-6.4	-6.7	-6.2	-6.9	-6.7	-6.9	-8.2	-7.8	-7.5	-6.4	-6.7	-8.2	-7.8	-6.5	-7.8	-7.1	-7.4	-7.5	-7.7	-8.0	-6.9	-8.9	-7.8	-7.1	-6.5	-6.4	-7.5	-5.6	-7.5	-7.5	-8.0	-7.4	-7.8	-7.6	-7.2	-7.5	-8.0	-7.5	-7.7	-8.0	-7.4	-7.9	-7.4	-7.7	-8.0	-7.9	-7.5	-8.2	-7.1	-7.4	-7.8	-5.6	-6.5	-6.4	-7.9	-6.9	-8.8	-8.3	-7.7	-7.4	-7.5	-7.1	-6.9	-8.0	-7.6	-7.5	-7.9	-7.4	-6.4	-6.5	-7.3	-6.6	-7.9	-7.3	-7.3	-7.7	-7.9	-6.3	-7.1	-6.4	-7.5	-6.4	-6.0	-7.8	-8.4	-8.8	-6.9	-7.6	-8.2	-7.4	-7.5	-9.8	-9.4	-9.7	-8.9	-10.8	-10.3	-10.1	-10.4	-9.8	-9.2	-9.4	-10.0	-9.3	-9.0	-8.4	-8.5	-8.6	-8.5	-8.0	-8.1	-8.6	-7.9	-8.1	-8.7	-8.6	-8.0	-8.3	-8.0	-7.8	-7.8	-8.5	-8.3	-7.8	-8.3	-8.4	-8.4	-8.5	-7.6	-9.4	-8.6	-8.3	-7.9	-8.6	-8.1	-8.2	-8.9	-9.2	-8.5	-8.5	-9.1	-8.5
4m0y_protein_Repair_4	-7.1	-7.1	-7.1	-7.7	-7.6	-7.3	-7.5	-7.4	-7.5	-7.6	-7.1	-	-7.2	-	-7.4	-7.7	-7.2	-7.6	-	-	-6.6	-6.9	-6.0	-6.3	-6.8	-	-6.5	-6.6	-6.7	-6.5	-6.8	-6.9	-6.9	-7.6	-7.4	-7.5	-6.7	-6.4	-8.1	-7.8	-	-6.9	-7.3	-7.7	-7.0	-7.2	-8.0	-6.9	-9.3	-8.1	-6.6	-6.5	-6.4	-	-	-7.3	-7.7	-7.3	-7.5	-5.9	-7.1	-7.4	-7.5	-7.3	-7.5	-0.0	-7.3	-7.4	-	-7.5	-	-7.6	-7.5	-	-7.7	-7.3	-7.7	-7.6	-5.8	-6.7	-6.3	-7.7	-7.1	-9.2	-7.8	-7.4	-7.5	-7.1	-6.8	-7.0	-7.3	-7.2	-7.2	-7.7	-7.3	-4.8	-6.9	-7.2	-6.3	-	-7.4	-7.0	-7.6	-7.4	-6.6	-7.3	-6.3	-7.0	-6.3	-6.5	-8.3	-8.0	-9.3	-6.8	-7.0	-7.6	-7.3	-7.6	-9.3	-9.2	-9.9	-9.1	-9.7	-9.5	-9.3	-	-9.3	-9.5	-9.4	-9.6	-9.0	-8.2	-8.6	-8.8	-8.4	-8.7	-7.7	-7.8	-8.4	-8.2	-7.6	-8.7	-8.4	-8.4	-8.0	-8.3	-7.8	-	-7.9	-8.0	-7.6	-8.2	-8.3	-8.4	-8.5	-7.7	-9.4	-8.3	-7.9	-8.0	-7.3	-7.8	-8.4	-8.9	-8.4	-8.5	-8.5	-8.5	-8.3
4m0y_protein_Repair_5	-8.0	-8.3	-8.2	-8.1	-8.5	-7.6	-8.6	-7.7	-7.9	-7.7	-7.5	-8.6	-8.2	-8.2	-7.9	-7.7	-8.3	-8.0	-7.6	-7.0	-6.3	-6.1	-8.4	-6.8	-6.9	-7.0	-6.7	-7.0	-6.8	-6.7	-6.9	-6.8	-7.2	-8.1	-7.7	-8.5	-6.7	-6.6	-8.5	-8.1	-6.8	-7.2	-7.2	-7.5	-7.7	-8.0	-8.3	-7.4	-9.1	-7.9	-6.8	-6.4	-6.8	-7.4	-6.0	-7.6	-8.4	-8.2	-7.9	-7.9	-7.5	-7.8	-8.2	-8.3	-7.9	-7.7	-8.2	-7.8	-8.3	-7.9	-8.3	-8.5	-8.6	-8.5	-8.2	-7.6	-7.7	-8.0	-6.0	-6.7	-6.8	-8.6	-6.5	-9.1	-8.4	-7.6	-7.6	-7.3	-7.2	-7.2	-7.5	-7.2	-8.1	-7.8	-7.5	-6.7	-6.2	-7.5	-6.8	-7.8	-7.5	-7.2	-7.6	-8.1	-6.3	-7.3	-7.0	-6.9	-6.3	-6.7	-8.0	-8.0	-8.7	-6.9	-7.7	-8.1	-7.6	-8.4	-10.2	-9.5	-9.5	-8.9	-11.1	-10.7	-10.2	-10.7	-10.4	-9.3	-9.5	-8.9	-9.4	-8.8	-8.7	-8.4	-8.6	-8.6	-8.5	-8.5	-9.1	-8.5	-8.0	-9.5	-8.8	-8.6	-8.3	-8.3	-8.0	-8.3	-8.6	-8.4	-7.8	-8.2	-9.0	-8.6	-7.9	-7.8	-10.1	-7.8	-7.8	-7.6	-7.7	-8.1	-7.7	-8.9	-8.6	-9.2	-8.6	-9.2	-8.5
4m0y_protein_Repair_6	-7.2	-7.2	-7.4	-7.8	-7.6	-7.4	-7.6	-7.6	-7.4	-7.6	-7.1	-7.7	-7.2	-7.7	-7.7	-7.5	-7.1	-7.3	-7.3	-7.3	-6.5	-6.4	-7.4	-6.6	-7.0	-7.1	-6.1	-6.2	-6.2	-6.4	-6.6	-6.6	-6.8	-7.4	-7.2	-7.4	-6.5	-6.2	-7.8	-7.4	-6.4	-7.2	-7.3	-7.3	-7.3	-7.4	-7.8	-7.1	-8.5	-8.0	-6.9	-6.4	-6.7	-7.4	-5.5	-7.4	-7.6	-7.3	-7.6	-7.2	-7.1	-7.6	-7.7	-7.3	-7.7	-7.4	-7.4	-7.6	-7.1	-7.3	-7.3	-7.6	-7.7	-7.6	-7.2	-7.2	-7.4	-7.3	-5.6	-6.5	-6.5	-7.7	-6.6	-8.7	-8.2	-7.1	-7.1	-7.2	-7.3	-6.7	-7.1	-7.0	-7.8	-7.4	-7.1	-6.3	-6.4	-7.2	-6.6	-7.4	-6.9	-6.8	-7.2	-7.4	-6.5	-6.9	-6.2	-7.0	-6.2	-6.1	-7.6	-7.7	-9.1	-7.0	-7.1	-7.4	-7.4	-7.6	-9.8	-9.5	-9.6	-9.1	-9.5	-9.3	-8.8	-9.1	-9.7	-9.5	-9.1	-9.7	-8.7	-8.5	-8.6	-9.1	-8.5	-8.7	-7.9	-7.8	-8.4	-8.1	-7.7	-9.1	-8.4	-8.2	-8.6	-8.0	-8.0	-7.9	-8.0	-8.2	-8.1	-8.3	-8.4	-8.5	-8.7	-7.6	-9.2	-7.6	-8.4	-7.9	-7.0	-8.1	-7.7	-8.6	-8.4	-8.5	-9.0	-8.5	-8.1
4m0y_protein_Repair_7	-7.6	-7.8	-8.0	-7.4	-8.0	-8.0	-7.7	-7.5	-7.9	-7.6	-7.3	-7.9	-8.0	-7.6	-7.5	-7.5	-7.7	-8.0	-7.6	-7.2	-5.9	-5.9	-7.3	-6.3	-7.1	-7.0	-6.1	-6.3	-6.1	-6.6	-6.8	-6.9	-6.8	-7.9	-7.9	-7.8	-5.9	-6.1	-7.6	-7.8	-6.5	-7.7	-7.0	-8.0	-7.7	-7.5	-7.8	-6.7	-8.8	-8.0	-6.8	-6.5	-6.8	-7.3	-5.7	-7.2	-7.7	-7.9	-7.4	-7.7	-7.3	-7.4	-7.6	-7.9	-7.5	-8.0	-7.8	-7.5	-7.7	-7.9	-7.8	-8.0	-7.9	-7.7	-8.0	-7.6	-7.4	-8.1	-5.8	-6.6	-6.4	-8.0	-6.4	-8.5	-7.9	-7.9	-7.4	-7.5	-6.7	-7.4	-7.0	-7.4	-7.5	-8.0	-7.0	-6.3	-6.3	-7.1	-6.3	-7.6	-7.0	-7.0	-7.7	-7.3	-5.9	-7.3	-6.2	-7.4	-6.2	-6.1	-8.2	-7.0	-8.2	-7.1	-7.7	-7.9	-7.2	-7.7	-10.1	-9.7	-9.5	-8.6	-10.5	-9.6	-9.7	-10.0	-9.4	-9.1	-9.6	-9.5	-8.7	-8.2	-8.3	-8.6	-8.0	-8.0	-7.7	-7.8	-7.6	-7.9	-7.5	-9.2	-8.1	-7.8	-8.2	-7.7	-7.6	-8.1	-7.4	-7.8	-7.7	-8.1	-8.3	-8.2	-8.2	-7.9	-9.9	-7.6	-7.8	-7.3	-7.4	-7.7	-7.6	-9.7	-9.0	-7.7	-8.5	-8.2	-8.4
4m0y_protein_Repair_8	-7.5	-7.6	-7.6	-8.1	-7.9	-7.4	-8.1	-7.8	-7.6	-8.0	-7.5	-8.1	-7.6	-7.9	-7.9	-7.8	-7.4	-7.8	-7.4	-7.3	-6.4	-6.9	-7.7	-6.4	-6.9	-7.2	-6.1	-6.5	-6.7	-6.6	-6.9	-6.9	-6.9	-7.7	-7.4	-7.6	-6.4	-6.5	-8.3	-7.9	-6.6	-7.4	-7.2	-7.7	-7.4	-7.8	-8.2	-7.3	-9.2	-8.2	-7.1	-6.3	-6.7	-7.4	-5.9	-7.6	-8.1	-7.8	-7.7	-7.5	-7.5	-7.8	-7.9	-7.8	-7.8	-7.5	-7.6	-7.8	-7.5	-7.6	-7.7	-7.9	-8.1	-8.0	-7.6	-7.5	-7.7	-7.8	-5.9	-6.8	-6.6	-8.1	-6.9	-9.2	-8.3	-7.1	-7.5	-7.4	-7.3	-7.1	-7.4	-7.1	-8.1	-7.6	-7.3	-6.6	-6.9	-7.4	-6.5	-7.8	-7.4	-7.1	-8.0	-7.7	-6.4	-7.1	-6.5	-7.4	-6.3	-6.1	-7.7	-8.2	-9.4	-6.9	-7.5	-7.7	-7.5	-8.0	-10.1	-9.5	-9.9	-9.3	-10.6	-9.8	-9.4	-10.0	-9.6	-9.8	-9.5	-10.5	-8.9	-8.5	-8.6	-8.9	-8.6	-9.1	-8.2	-8.1	-8.7	-8.6	-8.3	-9.2	-8.6	-8.6	-8.5	-8.5	-8.3	-8.0	-8.3	-8.4	-8.3	-8.4	-8.5	-8.8	-9.0	-7.8	-9.3	-8.2	-8.1	-7.4	-7.2	-7.8	-7.9	-8.8	-8.5	-9.2	-8.9	-8.5	-8.3
4m0y_protein_Repair_9	-9.2	-9.0	-9.4	-9.5	-9.6	-9.2	-8.6	-9.0	-9.4	-7.3	-9.0	-8.5	-9.3	-9.3	-9.1	-9.3	-9.3	-9.5	-9.1	-7.7	-7.6	-7.1	-9.0	-7.4	-7.3	-7.3	-5.8	-7.9	-7.5	-7.6	-8.1	-8.0	-8.2	-9.2	-8.2	-7.7	-7.5	-7.8	-8.0	-8.5	-7.8	-8.4	-7.5	-8.1	-7.3	-8.2	-8.3	-8.1	-9.4	-9.1	-8.2	-6.3	-6.7	-8.1	-7.4	-9.3	-8.7	-9.4	-9.5	-9.2	-7.5	-9.5	-9.6	-9.5	-9.2	-9.2	-9.4	-9.0	-8.5	-9.5	-7.2	-9.7	-8.6	-8.0	-9.2	-7.9	-7.6	-9.5	-7.3	-7.4	-7.8	-8.4	-7.4	-9.8	-9.9	-8.4	-7.8	-7.8	-7.7	-8.5	-8.7	-8.8	-9.4	-9.4	-7.9	-8.1	-7.1	-8.4	-7.4	-9.2	-8.7	-7.3	-8.8	-9.0	-7.6	-7.1	-7.7	-8.3	-7.6	-7.4	-9.3	-8.6	-9.9	-7.3	-9.3	-9.2	-9.3	-8.7	-8.9	-8.6	-9.2	-8.5	-9.7	-9.3	-8.9	-9.4	-9.1	-8.8	0.0	-8.4	-8.2	-8.5	-9.5	-7.8	-9.4	-9.6	-7.5	-7.7	-8.4	-9.7	-7.8	-9.1	-8.0	-10.0	-9.5	-9.8	-9.6	-9.6	-7.6	-9.9	-9.5	-10.0	-8.3	-9.3	-9.6	-9.3	-9.4	-9.1	-8.4	-8.8	-8.8	-9.4	-9.2	-9.3	-8.0	-8.4	-9.0	-9.6	-7.9
4m0y_protein_Repair_WT	-7.8	-7.3	-7.2	-7.7	-7.6	-7.3	-7.7	-7.5	-7.2	-7.4	-7.1	-7.7	-7.5	-7.6	-7.6	-8.0	-7.2	-7.4	-7.1	-6.3	-6.0	-6.7	-7.5	-6.3	-7.2	-6.8	-6.0	-6.3	-6.4	-6.6	-6.8	-6.7	-6.8	-7.4	-7.7	-7.4	-6.4	-6.7	-8.0	-7.9	-6.5	-7.4	-7.3	-7.5	-7.2	-7.9	-8.0	-6.9	-8.8	-7.9	-6.5	-6.4	-6.7	-7.6	-5.9	-7.5	-7.4	-7.3	-7.6	-7.8	-7.4	-7.5	-7.6	-7.3	-7.7	-7.2	-7.2	-7.5	-7.2	-7.3	-7.2	-7.5	-7.7	-7.4	-7.1	-7.1	-8.0	-7.4	-5.9	-6.8	-6.4	-7.7	-6.9	-8.9	-7.8	-7.6	-7.4	-7.7	-6.3	-7.5	-7.9	-7.1	-7.7	-7.7	-7.3	-6.5	-6.6	-7.5	-6.4	-7.6	-7.4	-7.5	-7.5	-7.5	-6.1	-7.2	-6.3	-7.0	-6.2	-6.0	-7.9	-7.9	-9.3	-7.2	-7.2	-7.4	-7.5	-7.5	-9.8	-9.3	-9.6	-9.0	-10.4	-10.0	-9.6	-9.9	-9.8	-9.4	-9.3	-9.2	-9.0	-8.4	-8.4	-8.9	-8.7	-8.9	-7.9	-7.8	-7.9	-8.3	-7.8	-8.8	-8.0	-8.5	-8.0	-7.7	-7.7	-7.8	-7.6	-8.0	-7.5	-8.4	-8.2	-8.3	-8.4	-7.5	-10.0	-7.7	-7.8	-8.2	-7.2	-7.7	-7.7	-9.0	-8.3	-8.3	-8.7	-8.3	-8.1
