Varaint	1pxn_ligand_similar_1	1pxn_ligand_similar_10	1pxn_ligand_similar_100	1pxn_ligand_similar_101	1pxn_ligand_similar_102	1pxn_ligand_similar_103	1pxn_ligand_similar_104	1pxn_ligand_similar_105	1pxn_ligand_similar_106	1pxn_ligand_similar_107	1pxn_ligand_similar_108	1pxn_ligand_similar_109	1pxn_ligand_similar_11	1pxn_ligand_similar_110	1pxn_ligand_similar_111	1pxn_ligand_similar_112	1pxn_ligand_similar_113	1pxn_ligand_similar_114	1pxn_ligand_similar_115	1pxn_ligand_similar_116	1pxn_ligand_similar_117	1pxn_ligand_similar_118	1pxn_ligand_similar_119	1pxn_ligand_similar_12	1pxn_ligand_similar_120	1pxn_ligand_similar_121	1pxn_ligand_similar_122	1pxn_ligand_similar_123	1pxn_ligand_similar_124	1pxn_ligand_similar_125	1pxn_ligand_similar_126	1pxn_ligand_similar_127	1pxn_ligand_similar_128	1pxn_ligand_similar_129	1pxn_ligand_similar_13	1pxn_ligand_similar_130	1pxn_ligand_similar_131	1pxn_ligand_similar_132	1pxn_ligand_similar_133	1pxn_ligand_similar_134	1pxn_ligand_similar_135	1pxn_ligand_similar_136	1pxn_ligand_similar_137	1pxn_ligand_similar_138	1pxn_ligand_similar_139	1pxn_ligand_similar_14	1pxn_ligand_similar_140	1pxn_ligand_similar_141	1pxn_ligand_similar_142	1pxn_ligand_similar_143	1pxn_ligand_similar_144	1pxn_ligand_similar_145	1pxn_ligand_similar_146	1pxn_ligand_similar_147	1pxn_ligand_similar_148	1pxn_ligand_similar_149	1pxn_ligand_similar_15	1pxn_ligand_similar_150	1pxn_ligand_similar_151	1pxn_ligand_similar_152	1pxn_ligand_similar_153	1pxn_ligand_similar_154	1pxn_ligand_similar_155	1pxn_ligand_similar_156	1pxn_ligand_similar_157	1pxn_ligand_similar_158	1pxn_ligand_similar_159	1pxn_ligand_similar_16	1pxn_ligand_similar_160	1pxn_ligand_similar_161	1pxn_ligand_similar_162	1pxn_ligand_similar_163	1pxn_ligand_similar_164	1pxn_ligand_similar_165	1pxn_ligand_similar_166	1pxn_ligand_similar_167	1pxn_ligand_similar_168	1pxn_ligand_similar_169	1pxn_ligand_similar_17	1pxn_ligand_similar_170	1pxn_ligand_similar_171	1pxn_ligand_similar_172	1pxn_ligand_similar_173	1pxn_ligand_similar_174	1pxn_ligand_similar_175	1pxn_ligand_similar_176	1pxn_ligand_similar_177	1pxn_ligand_similar_178	1pxn_ligand_similar_179	1pxn_ligand_similar_18	1pxn_ligand_similar_180	1pxn_ligand_similar_181	1pxn_ligand_similar_182	1pxn_ligand_similar_183	1pxn_ligand_similar_184	1pxn_ligand_similar_185	1pxn_ligand_similar_186	1pxn_ligand_similar_187	1pxn_ligand_similar_188	1pxn_ligand_similar_19	1pxn_ligand_similar_190	1pxn_ligand_similar_191	1pxn_ligand_similar_192	1pxn_ligand_similar_193	1pxn_ligand_similar_194	1pxn_ligand_similar_195	1pxn_ligand_similar_196	1pxn_ligand_similar_197	1pxn_ligand_similar_199	1pxn_ligand_similar_2	1pxn_ligand_similar_20	1pxn_ligand_similar_200	1pxn_ligand_similar_202	1pxn_ligand_similar_203	1pxn_ligand_similar_204	1pxn_ligand_similar_205	1pxn_ligand_similar_207	1pxn_ligand_similar_208	1pxn_ligand_similar_209	1pxn_ligand_similar_21	1pxn_ligand_similar_210	1pxn_ligand_similar_211	1pxn_ligand_similar_212	1pxn_ligand_similar_213	1pxn_ligand_similar_214	1pxn_ligand_similar_215	1pxn_ligand_similar_216	1pxn_ligand_similar_217	1pxn_ligand_similar_218	1pxn_ligand_similar_219	1pxn_ligand_similar_22	1pxn_ligand_similar_220	1pxn_ligand_similar_221	1pxn_ligand_similar_23	1pxn_ligand_similar_24	1pxn_ligand_similar_25	1pxn_ligand_similar_26	1pxn_ligand_similar_27	1pxn_ligand_similar_28	1pxn_ligand_similar_29	1pxn_ligand_similar_3	1pxn_ligand_similar_30	1pxn_ligand_similar_31	1pxn_ligand_similar_32	1pxn_ligand_similar_33	1pxn_ligand_similar_34	1pxn_ligand_similar_35	1pxn_ligand_similar_36	1pxn_ligand_similar_37	1pxn_ligand_similar_38	1pxn_ligand_similar_39	1pxn_ligand_similar_4	1pxn_ligand_similar_40	1pxn_ligand_similar_41	1pxn_ligand_similar_42	1pxn_ligand_similar_43	1pxn_ligand_similar_44	1pxn_ligand_similar_45	1pxn_ligand_similar_46	1pxn_ligand_similar_47	1pxn_ligand_similar_48	1pxn_ligand_similar_49	1pxn_ligand_similar_5	1pxn_ligand_similar_50	1pxn_ligand_similar_51	1pxn_ligand_similar_52	1pxn_ligand_similar_53	1pxn_ligand_similar_54	1pxn_ligand_similar_55	1pxn_ligand_similar_56	1pxn_ligand_similar_57	1pxn_ligand_similar_58	1pxn_ligand_similar_59	1pxn_ligand_similar_6	1pxn_ligand_similar_60	1pxn_ligand_similar_61	1pxn_ligand_similar_62	1pxn_ligand_similar_63	1pxn_ligand_similar_64	1pxn_ligand_similar_65	1pxn_ligand_similar_66	1pxn_ligand_similar_67	1pxn_ligand_similar_68	1pxn_ligand_similar_69	1pxn_ligand_similar_7	1pxn_ligand_similar_70	1pxn_ligand_similar_71	1pxn_ligand_similar_72	1pxn_ligand_similar_73	1pxn_ligand_similar_74	1pxn_ligand_similar_75	1pxn_ligand_similar_76	1pxn_ligand_similar_77	1pxn_ligand_similar_78	1pxn_ligand_similar_79	1pxn_ligand_similar_8	1pxn_ligand_similar_80	1pxn_ligand_similar_81	1pxn_ligand_similar_82	1pxn_ligand_similar_83	1pxn_ligand_similar_84	1pxn_ligand_similar_85	1pxn_ligand_similar_86	1pxn_ligand_similar_87	1pxn_ligand_similar_88	1pxn_ligand_similar_89	1pxn_ligand_similar_9	1pxn_ligand_similar_90	1pxn_ligand_similar_91	1pxn_ligand_similar_92	1pxn_ligand_similar_93	1pxn_ligand_similar_94	1pxn_ligand_similar_95	1pxn_ligand_similar_96	1pxn_ligand_similar_97	1pxn_ligand_similar_98	1pxn_ligand_similar_99	2fvd_ligand_similar_1	2fvd_ligand_similar_10	2fvd_ligand_similar_11	2fvd_ligand_similar_12	2fvd_ligand_similar_13	2fvd_ligand_similar_14	2fvd_ligand_similar_15	2fvd_ligand_similar_16	2fvd_ligand_similar_17	2fvd_ligand_similar_18	2fvd_ligand_similar_19	2fvd_ligand_similar_2	2fvd_ligand_similar_20	2fvd_ligand_similar_21	2fvd_ligand_similar_22	2fvd_ligand_similar_23	2fvd_ligand_similar_24	2fvd_ligand_similar_25	2fvd_ligand_similar_26	2fvd_ligand_similar_27	2fvd_ligand_similar_28	2fvd_ligand_similar_29	2fvd_ligand_similar_3	2fvd_ligand_similar_30	2fvd_ligand_similar_31	2fvd_ligand_similar_32	2fvd_ligand_similar_33	2fvd_ligand_similar_34	2fvd_ligand_similar_35	2fvd_ligand_similar_36	2fvd_ligand_similar_37	2fvd_ligand_similar_38	2fvd_ligand_similar_39	2fvd_ligand_similar_4	2fvd_ligand_similar_40	2fvd_ligand_similar_41	2fvd_ligand_similar_42	2fvd_ligand_similar_43	2fvd_ligand_similar_44	2fvd_ligand_similar_45	2fvd_ligand_similar_46	2fvd_ligand_similar_47	2fvd_ligand_similar_48	2fvd_ligand_similar_5	2fvd_ligand_similar_6	2fvd_ligand_similar_7	2fvd_ligand_similar_8	2fvd_ligand_similar_9	2xnb_ligand_similar_1	2xnb_ligand_similar_10	2xnb_ligand_similar_100	2xnb_ligand_similar_101	2xnb_ligand_similar_102	2xnb_ligand_similar_103	2xnb_ligand_similar_104	2xnb_ligand_similar_105	2xnb_ligand_similar_106	2xnb_ligand_similar_107	2xnb_ligand_similar_108	2xnb_ligand_similar_109	2xnb_ligand_similar_11	2xnb_ligand_similar_110	2xnb_ligand_similar_111	2xnb_ligand_similar_112	2xnb_ligand_similar_113	2xnb_ligand_similar_12	2xnb_ligand_similar_13	2xnb_ligand_similar_14	2xnb_ligand_similar_15	2xnb_ligand_similar_16	2xnb_ligand_similar_17	2xnb_ligand_similar_18	2xnb_ligand_similar_19	2xnb_ligand_similar_2	2xnb_ligand_similar_20	2xnb_ligand_similar_21	2xnb_ligand_similar_22	2xnb_ligand_similar_23	2xnb_ligand_similar_24	2xnb_ligand_similar_25	2xnb_ligand_similar_26	2xnb_ligand_similar_27	2xnb_ligand_similar_28	2xnb_ligand_similar_29	2xnb_ligand_similar_3	2xnb_ligand_similar_30	2xnb_ligand_similar_31	2xnb_ligand_similar_32	2xnb_ligand_similar_33	2xnb_ligand_similar_34	2xnb_ligand_similar_35	2xnb_ligand_similar_36	2xnb_ligand_similar_37	2xnb_ligand_similar_38	2xnb_ligand_similar_39	2xnb_ligand_similar_4	2xnb_ligand_similar_40	2xnb_ligand_similar_41	2xnb_ligand_similar_42	2xnb_ligand_similar_43	2xnb_ligand_similar_44	2xnb_ligand_similar_45	2xnb_ligand_similar_46	2xnb_ligand_similar_47	2xnb_ligand_similar_48	2xnb_ligand_similar_49	2xnb_ligand_similar_5	2xnb_ligand_similar_50	2xnb_ligand_similar_51	2xnb_ligand_similar_52	2xnb_ligand_similar_53	2xnb_ligand_similar_54	2xnb_ligand_similar_55	2xnb_ligand_similar_56	2xnb_ligand_similar_57	2xnb_ligand_similar_58	2xnb_ligand_similar_59	2xnb_ligand_similar_6	2xnb_ligand_similar_60	2xnb_ligand_similar_61	2xnb_ligand_similar_62	2xnb_ligand_similar_63	2xnb_ligand_similar_64	2xnb_ligand_similar_65	2xnb_ligand_similar_66	2xnb_ligand_similar_67	2xnb_ligand_similar_68	2xnb_ligand_similar_69	2xnb_ligand_similar_7	2xnb_ligand_similar_70	2xnb_ligand_similar_71	2xnb_ligand_similar_72	2xnb_ligand_similar_73	2xnb_ligand_similar_74	2xnb_ligand_similar_75	2xnb_ligand_similar_76	2xnb_ligand_similar_77	2xnb_ligand_similar_78	2xnb_ligand_similar_79	2xnb_ligand_similar_8	2xnb_ligand_similar_80	2xnb_ligand_similar_81	2xnb_ligand_similar_82	2xnb_ligand_similar_83	2xnb_ligand_similar_84	2xnb_ligand_similar_85	2xnb_ligand_similar_86	2xnb_ligand_similar_87	2xnb_ligand_similar_88	2xnb_ligand_similar_89	2xnb_ligand_similar_9	2xnb_ligand_similar_90	2xnb_ligand_similar_91	2xnb_ligand_similar_92	2xnb_ligand_similar_93	2xnb_ligand_similar_94	2xnb_ligand_similar_95	2xnb_ligand_similar_96	2xnb_ligand_similar_97	2xnb_ligand_similar_98	2xnb_ligand_similar_99	3pxf_ligand_similar_1	3pxf_ligand_similar_10	3pxf_ligand_similar_11	3pxf_ligand_similar_12	3pxf_ligand_similar_2	3pxf_ligand_similar_3	3pxf_ligand_similar_4	3pxf_ligand_similar_5	3pxf_ligand_similar_6	3pxf_ligand_similar_7	3pxf_ligand_similar_8	3pxf_ligand_similar_9	4eor_ligand_similar_1	4eor_ligand_similar_10	4eor_ligand_similar_100	4eor_ligand_similar_101	4eor_ligand_similar_102	4eor_ligand_similar_103	4eor_ligand_similar_104	4eor_ligand_similar_105	4eor_ligand_similar_106	4eor_ligand_similar_107	4eor_ligand_similar_108	4eor_ligand_similar_109	4eor_ligand_similar_11	4eor_ligand_similar_110	4eor_ligand_similar_111	4eor_ligand_similar_112	4eor_ligand_similar_113	4eor_ligand_similar_114	4eor_ligand_similar_115	4eor_ligand_similar_12	4eor_ligand_similar_13	4eor_ligand_similar_14	4eor_ligand_similar_15	4eor_ligand_similar_16	4eor_ligand_similar_17	4eor_ligand_similar_18	4eor_ligand_similar_19	4eor_ligand_similar_2	4eor_ligand_similar_20	4eor_ligand_similar_21	4eor_ligand_similar_22	4eor_ligand_similar_23	4eor_ligand_similar_24	4eor_ligand_similar_25	4eor_ligand_similar_26	4eor_ligand_similar_27	4eor_ligand_similar_28	4eor_ligand_similar_29	4eor_ligand_similar_3	4eor_ligand_similar_30	4eor_ligand_similar_31	4eor_ligand_similar_32	4eor_ligand_similar_33	4eor_ligand_similar_34	4eor_ligand_similar_35	4eor_ligand_similar_36	4eor_ligand_similar_37	4eor_ligand_similar_38	4eor_ligand_similar_39	4eor_ligand_similar_4	4eor_ligand_similar_40	4eor_ligand_similar_41	4eor_ligand_similar_42	4eor_ligand_similar_43	4eor_ligand_similar_44	4eor_ligand_similar_45	4eor_ligand_similar_46	4eor_ligand_similar_47	4eor_ligand_similar_48	4eor_ligand_similar_49	4eor_ligand_similar_5	4eor_ligand_similar_50	4eor_ligand_similar_51	4eor_ligand_similar_52	4eor_ligand_similar_53	4eor_ligand_similar_54	4eor_ligand_similar_55	4eor_ligand_similar_56	4eor_ligand_similar_57	4eor_ligand_similar_58	4eor_ligand_similar_59	4eor_ligand_similar_6	4eor_ligand_similar_60	4eor_ligand_similar_61	4eor_ligand_similar_62	4eor_ligand_similar_63	4eor_ligand_similar_64	4eor_ligand_similar_65	4eor_ligand_similar_66	4eor_ligand_similar_67	4eor_ligand_similar_68	4eor_ligand_similar_69	4eor_ligand_similar_7	4eor_ligand_similar_70	4eor_ligand_similar_71	4eor_ligand_similar_72	4eor_ligand_similar_73	4eor_ligand_similar_74	4eor_ligand_similar_75	4eor_ligand_similar_76	4eor_ligand_similar_77	4eor_ligand_similar_78	4eor_ligand_similar_79	4eor_ligand_similar_8	4eor_ligand_similar_80	4eor_ligand_similar_81	4eor_ligand_similar_82	4eor_ligand_similar_83	4eor_ligand_similar_84	4eor_ligand_similar_85	4eor_ligand_similar_86	4eor_ligand_similar_87	4eor_ligand_similar_88	4eor_ligand_similar_89	4eor_ligand_similar_9	4eor_ligand_similar_90	4eor_ligand_similar_91	4eor_ligand_similar_92	4eor_ligand_similar_93	4eor_ligand_similar_94	4eor_ligand_similar_95	4eor_ligand_similar_96	4eor_ligand_similar_97	4eor_ligand_similar_98	4eor_ligand_similar_99
3pxf_protein_Repair_1	-8.4	-8.5	-9.0	-8.8	-8.5	-9.2	-9.6	-9.1	-9.1	-9.8	-9.6	-8.5	-9.5	-8.5	-9.1	-9.3	-9.4	-8.8	-10.0	-9.4	-9.0	-9.4	-9.9	-7.4	-8.4	-7.5	-7.1	-9.9	-9.1	-9.6	-9.2	-6.6	-6.5	-8.7	-8.7	-10.0	-9.4	-9.2	-8.4	-8.3	-9.6	-9.0	-8.4	-8.9	-9.3	-8.8	-9.7	-9.2	-9.6	-8.2	-8.7	-9.6	-9.8	-10.4	-8.4	-9.2	-9.2	-10.0	-9.8	-9.3	-6.4	-10.3	-9.5	-8.9	-7.8	-8.2	-8.6	-9.2	-8.2	-7.8	-10.0	-8.6	-9.4	-10.0	-7.5	-8.4	-9.0	-8.4	-9.2	-8.2	-8.2	-8.6	-8.1	-10.0	-7.7	-7.7	-7.9	-8.1	-8.7	-9.4	-7.8	-8.7	-8.3	-8.0	-8.2	-8.9	-7.8	-8.2	-8.6	-8.9	-8.0	-8.7	-8.6	-7.7	-7.2	-9.3	-8.4	-8.0	-8.7	-8.4	-8.5	-3.8	-8.7	-8.7	-8.9	-8.8	-8.4	-8.9	-8.7	-8.8	-8.4	-8.9	-8.5	-7.0	-7.9	-10.9	-8.5	-8.8	-9.4	-8.1	-8.3	-8.8	-7.9	-9.5	-8.7	-9.0	-9.6	-9.7	-8.4	-9.1	-8.3	-9.6	-9.2	-9.1	-8.8	-8.7	-8.7	-8.7	-9.9	-8.0	-8.8	-8.6	-9.0	-9.2	-8.3	-8.7	-9.2	-8.7	-8.9	-9.2	-8.8	-9.0	-7.7	-8.4	-8.9	-9.8	-8.2	-8.6	-10.2	-8.9	-9.2	-9.1	-8.9	-8.3	-7.6	-8.5	-8.3	-8.5	-9.0	-8.7	-8.5	-9.6	-9.6	-9.7	-8.5	-8.1	-9.3	-8.5	-8.4	-9.3	-8.9	-8.3	-8.8	-8.3	-8.5	-9.3	-9.5	-8.7	-9.3	-9.0	-9.3	-8.3	-8.2	-9.2	-8.8	-8.4	-8.6	-9.5	-8.9	-9.7	-9.3	-10.2	-9.4	-9.8	-10.0	-9.4	-9.2	-9.1	-9.4	-9.1	-9.4	-8.9	-9.1	-9.3	-9.3	-9.4	-8.8	-9.1	-9.1	-9.8	-9.0	-9.7	-9.5	-9.7	-10.1	-10.2	-10.7	-9.7	-8.6	-9.0	-10.0	-10.3	-10.0	-10.0	-9.5	-10.0	-10.1	-9.4	-9.4	-9.9	-8.6	-9.7	-9.9	-10.1	-10.2	-9.5	-9.3	-9.2	-10.1	-10.1	-8.6	-8.5	-8.7	-9.0	-8.7	-9.0	-8.7	-8.3	-9.7	-9.9	-7.4	-8.9	-8.7	-10.0	-8.9	-8.4	-9.3	-9.1	-10.2	-9.9	-8.9	-10.0	-9.3	-9.6	-9.5	-9.8	-8.5	-9.0	-9.6	-8.7	-8.2	-8.5	-8.3	-8.5	-8.8	-8.5	-9.8	-9.8	-9.2	-8.2	-8.3	-9.1	-8.7	-8.8	-8.6	-8.4	-8.8	-9.4	-8.0	-8.3	-9.2	-8.5	-9.0	-8.6	-8.5	-8.0	-9.2	-9.5	-9.7	-9.9	-9.3	-8.8	-8.4	-7.8	-9.4	-9.5	-8.4	-8.8	-8.3	-8.3	-8.5	-9.5	-8.5	-9.2	-9.2	-9.8	-8.9	-9.6	-9.3	-8.5	-9.3	-9.2	-8.5	-10.0	-9.5	-9.3	-9.0	-9.5	-9.6	-8.7	-8.6	-9.1	-7.7	-9.6	-9.6	-8.9	-9.2	-9.1	-9.6	-8.7	-8.4	-7.7	-8.7	-8.3	-9.7	-9.3	-9.8	-8.9	-9.2	-10.3	-9.7	-8.9	-9.2	-6.6	-6.5	-9.1	-9.1	-9.5	-1.2	-9.4	-7.6	-9.0	-9.0	-9.6	-9.7	-9.0	-9.1	-8.9	-9.2	-9.0	-9.7	-9.3	-6.4	-8.5	-9.4	-7.7	-8.2	-6.8	-9.0	-9.1	-8.9	-6.5	-8.1	-9.5	-6.4	-7.0	-7.8	-8.7	-7.5	-8.6	-9.1	-8.7	-8.8	-8.9	-9.0	-9.0	-9.2	-9.5	-9.7	-9.8	-9.3	-9.3	-9.2	-9.1	-9.3	-9.3	-9.5	-9.5	-9.4	-9.6	-9.5	-9.7	-9.5	-9.9	-9.2	-9.2	-9.3	-9.4	-9.6	-8.2	-7.6	-7.7	-9.3	-9.4	-9.5	-7.9	-7.9	-9.9	-9.7	-8.6	-8.6	-7.5	-8.9	-9.5	-8.4	-8.2	-8.1	-8.4	-8.3	-7.9	-8.0	-8.6	-7.0	-6.9	-6.7	-9.8	-9.4	-6.7	-9.9	-9.4	-7.5	-9.4	-9.2	-7.9	-8.0	-6.5	-7.1	-8.7	-8.2	-8.3	-7.6	-6.8	-6.3	-9.5	-6.3	-8.8	-8.2	-8.3	-8.5	-9.1	-6.7	-9.3	-9.2	-7.4	-9.2	-9.4	-8.2	-6.1	-8.2	-8.5	-8.9	-9.5	-7.8	-6.1	-6.2
3pxf_protein_Repair_2	-8.4	-8.5	-8.6	-8.4	-8.3	-9.1	-9.1	-9.2	-9.2	-9.6	-9.5	-9.0	-9.0	-8.4	-9.2	-9.7	-9.3	-8.9	-9.4	-9.3	-9.4	-9.2	-9.9	-7.3	-8.4	-7.3	-7.2	-10.1	-9.2	-9.3	-8.9	-6.2	-6.5	-9.3	-8.7	-9.6	-9.2	-9.4	-8.3	-9.6	-9.9	-9.1	-8.3	-9.2	-9.2	-8.5	-9.2	-8.8	-8.9	-8.0	-8.6	-9.9	-9.6	-9.7	-8.5	-9.2	-9.3	-9.6	-9.5	-9.8	-5.9	-10.0	-9.7	-9.1	-7.7	-7.8	-8.6	-8.9	-8.1	-7.5	-9.5	-8.7	-9.4	-9.9	-	-	-9.3	-8.1	-9.0	-8.3	-8.3	-8.6	-8.1	-10.1	-7.6	-7.9	-8.0	-7.9	-8.8	-8.8	-7.2	-8.5	-8.1	-7.8	-8.5	-8.9	-8.1	-8.1	-9.0	-8.8	-7.8	-8.2	-8.4	-7.6	-7.3	-9.4	-8.3	-8.0	-8.1	-8.5	-8.6	-3.9	-8.8	-8.5	-8.9	-7.9	-8.4	-8.4	-8.8	-8.7	-8.3	-9.0	-8.3	-6.9	-7.9	-10.7	-8.3	-8.6	-9.3	-8.1	-8.3	-8.5	-7.8	-9.1	-8.6	-9.5	-9.6	-9.6	-9.0	-9.4	-8.3	-9.6	-9.0	-9.5	-9.0	-8.9	-8.5	-8.4	-9.6	-8.2	-8.9	-8.6	-9.2	-8.9	-8.4	-8.9	-9.0	-8.9	-9.2	-9.0	-9.1	-9.0	-7.7	-8.3	-8.6	-8.9	-8.1	-8.5	-9.4	-9.0	-9.2	-9.0	-8.7	-8.4	-7.7	-8.6	-8.5	-8.6	-9.4	-8.6	-8.4	-9.7	-9.2	-9.5	-8.5	-8.3	-9.4	-8.5	-9.2	-9.3	-8.8	-8.5	-8.7	-8.4	-8.4	-9.0	-9.2	-8.7	-9.2	-8.7	-8.9	-8.5	-8.2	-8.7	-8.7	-8.6	-8.6	-9.7	-8.5	-9.7	-9.6	-10.1	-9.1	-9.5	-9.5	-9.2	-9.3	-9.3	-9.8	-8.9	-9.4	-8.9	-8.8	-9.5	-8.7	-9.5	-8.6	-9.0	-9.3	-9.8	-9.0	-9.6	-9.3	-9.6	-10.3	-10.4	-10.0	-9.5	-8.5	-9.0	-10.2	-10.6	-10.2	-10.3	-9.5	-10.2	-10.2	-9.8	-8.7	-10.0	-8.9	-9.7	-10.1	-10.1	-10.2	-9.6	-9.4	-9.2	-10.3	-10.1	-7.8	-8.6	-8.8	-9.1	-7.2	-9.1	-8.4	-8.4	-9.5	-9.9	-7.3	-8.7	-8.8	-10.1	-9.1	-9.0	-9.7	-8.9	-10.0	-9.4	-9.2	-9.5	-9.4	-9.7	-9.1	-9.4	-8.5	-9.4	-9.6	-8.7	-8.0	-8.5	-8.5	-8.6	-8.7	-8.6	-9.4	-9.4	-9.1	-8.2	-8.3	-9.4	-8.5	-8.4	-8.6	-8.4	-	-8.8	-8.3	-8.3	-9.1	-8.5	-8.6	-8.6	-8.7	-8.1	-8.7	-9.7	-9.4	-9.5	-9.3	-8.7	-8.6	-8.1	-9.2	-9.0	-8.4	-8.7	-8.5	-8.4	-8.1	-9.7	-8.5	-9.3	-9.0	-9.5	-8.5	-9.1	-9.1	-8.9	-9.0	-9.2	-8.6	-9.4	-9.3	-9.0	-9.3	-9.2	-9.9	-8.5	-8.8	-9.0	-7.7	-9.3	-10.0	-9.2	-9.2	-9.4	-9.6	-8.6	-8.3	-7.7	-8.7	-9.2	-9.9	-9.0	-9.2	-8.6	-8.8	-10.0	-9.6	-8.8	-8.9	-6.2	-6.5	-9.1	-9.2	-9.4	-1.1	-9.8	-7.5	-9.3	-9.0	-10.0	-9.7	-9.3	-9.1	-9.0	-9.7	-8.8	-9.9	-9.3	-6.3	-8.6	-9.2	-8.3	-8.5	-7.3	-9.2	-9.4	-8.8	-6.4	-9.4	-9.3	-6.5	-7.0	-8.4	-9.2	-7.8	-9.1	-9.0	-9.0	-9.5	-9.0	-9.0	-8.9	-9.3	-9.2	-9.7	-9.7	-8.8	-9.1	-9.1	-9.1	-9.8	-9.5	-9.5	-9.5	-9.1	-9.2	-9.4	-9.8	-9.7	-9.9	-9.4	-9.9	-9.4	-9.6	-9.6	-8.7	-8.1	-8.2	-9.8	-9.5	-9.3	-8.1	-8.5	-9.9	-9.9	-8.3	-9.1	-8.2	-9.4	-9.2	-8.5	-8.3	-8.3	-8.5	-8.6	-8.3	-8.4	-	-7.4	-7.4	-7.0	-9.8	-9.8	-6.9	-9.7	-9.4	-7.9	-9.6	-9.4	-	-8.1	-6.7	-7.3	-9.0	-8.2	-8.6	-7.6	-7.1	-6.5	-9.2	-6.9	-8.9	-8.5	-8.4	-8.7	-9.2	-6.9	-9.3	-9.3	-7.8	-9.3	-9.0	-8.1	-6.6	-8.4	-8.4	-9.0	-9.4	-7.7	-6.2	-6.8
3pxf_protein_Repair_3	-8.6	-8.3	-8.6	-8.4	-8.5	-9.1	-9.1	-9.3	-9.5	-9.5	-9.2	-9.1	-	-8.4	-8.9	-9.3	-8.6	-9.0	-9.4	-9.7	-8.8	-9.7	-9.0	-7.6	-8.2	-7.5	-7.4	-9.9	-9.0	-8.6	-9.1	-6.1	-6.5	-8.9	-8.7	-9.6	-9.6	-9.3	-8.4	-8.3	-10.2	-8.7	-8.5	-8.6	-9.0	-8.8	-9.1	-8.9	-9.0	-8.2	-8.5	-9.6	-9.2	-9.6	-8.1	-9.2	-9.0	-9.9	-9.4	-9.5	-6.2	-9.9	-9.5	-8.5	-7.9	-8.2	-9.3	-8.4	-8.4	-7.5	-9.3	-8.6	-9.9	-10.5	-7.0	-8.5	-8.9	-8.3	-8.9	-8.3	-8.3	-8.7	-7.8	-9.3	-8.0	-7.5	-7.9	-7.7	-8.8	-8.9	-7.8	-8.5	-8.6	-8.1	-8.2	-8.9	-8.4	-8.2	-8.5	-8.5	-8.1	-8.7	-8.7	-7.7	-7.3	-9.4	-8.6	-7.9	-8.3	-8.3	-8.3	-4.0	-8.9	-8.6	-8.4	-8.2	-8.7	-8.7	-8.6	-8.1	-8.1	-8.9	-8.7	-7.0	-8.0	-10.6	-8.4	-9.0	-9.2	-7.7	-8.3	-8.3	-7.6	-9.4	-7.8	-8.8	-9.6	-10.3	-8.5	-8.9	-8.5	-9.6	-9.2	-9.4	-8.6	-8.0	-8.2	-8.2	-9.2	-7.9	-9.0	-8.2	-8.3	-9.5	-8.5	-8.4	-9.1	-8.9	-8.4	-9.3	-7.9	-8.9	-8.0	-8.3	-8.6	-8.9	-8.2	-8.6	-9.7	-8.5	-9.1	-9.0	-8.9	-8.5	-7.6	-8.7	-8.5	-8.6	-8.5	-8.0	-8.2	-9.3	-9.0	-9.2	-8.3	-8.0	-9.9	-8.6	-8.3	-9.5	-8.8	-8.5	-8.7	-8.5	-8.2	-8.4	-8.5	-8.7	-8.8	-8.5	-8.8	-8.3	-7.9	-8.6	-8.2	-8.2	-8.1	-9.6	-8.4	-9.5	-8.8	-10.1	-9.2	-9.7	-9.7	-9.4	-8.6	-7.9	-8.8	-8.3	-9.4	-8.7	-9.1	-8.7	-9.1	-9.0	-7.9	-8.2	-8.7	-9.1	-9.1	-9.4	-8.6	-9.3	-9.7	-10.2	-9.9	-8.7	-8.0	-8.4	-9.7	-10.3	-9.6	-9.5	-9.0	-9.6	-10.0	-9.5	-9.0	-9.8	-8.4	-9.4	-9.6	-9.6	-9.6	-9.6	-9.6	-8.8	-10.2	-9.7	-8.4	-8.1	-8.7	-8.7	-7.8	-8.4	-8.6	-8.1	-9.4	-10.5	-7.6	-8.7	-8.9	-9.2	-8.7	-8.5	-8.8	-8.4	-10.1	-9.3	-8.3	-9.7	-9.9	-9.5	-9.4	-9.4	-8.3	-8.8	-9.6	-8.7	-8.2	-8.7	-8.5	-8.6	-8.6	-8.3	-9.2	-9.0	-9.0	-8.2	-8.5	-9.0	-8.3	-8.6	-8.5	-8.2	-8.9	-8.9	-8.0	-8.3	-9.1	-8.5	-8.4	-8.1	-8.3	-7.9	-8.6	-9.3	-9.0	-9.2	-9.5	-8.2	-8.2	-7.8	-9.2	-9.0	-8.6	-8.7	-8.3	-8.5	-8.2	-9.6	-8.3	-9.1	-9.0	-9.7	-8.4	-9.1	-8.7	-8.5	-8.9	-9.3	-8.2	-9.3	-9.7	-8.8	-8.8	-8.9	-9.1	-8.2	-8.0	-8.9	-7.6	-8.6	-10.2	-8.7	-8.8	-9.4	-9.6	-7.7	-8.5	-8.0	-8.7	-8.2	-9.6	-9.0	-9.1	-8.8	-8.9	-9.9	-9.5	-8.5	-8.9	-6.4	-6.5	-9.5	-9.3	-9.9	-1.1	-10.1	-7.7	-9.4	-9.3	-9.6	-9.8	-9.1	-9.4	-9.0	-9.3	-8.7	-9.5	-9.1	-6.6	-8.7	-9.1	-7.9	-8.6	-6.9	-8.8	-9.2	-8.8	-6.2	-8.3	-9.0	-6.4	-6.7	-8.0	-9.0	-7.4	-8.1	-8.8	-9.2	-8.4	-9.1	-8.8	-8.7	-9.3	-9.2	-9.5	-9.5	-9.0	-8.8	-9.4	-8.6	-9.3	-9.3	-9.5	-9.3	-9.3	-9.0	-9.2	-9.7	-9.5	-9.7	-8.9	-9.3	-9.5	-9.3	-9.3	-8.1	-7.9	-8.1	-9.2	-9.3	-8.5	-8.1	-7.9	-9.5	-9.2	-8.4	-8.1	-7.8	-8.7	-9.4	-8.3	-8.0	-8.0	-8.3	-8.3	-8.1	-8.2	-8.3	-7.5	-7.4	-6.9	-9.7	-9.1	-6.8	-9.8	-9.4	-7.8	-9.3	-9.4	-7.9	-8.2	-6.7	-7.2	-9.0	-7.7	-8.4	-7.8	-6.8	-6.2	-9.2	-6.6	-9.0	-8.2	-8.2	-8.7	-9.2	-6.7	-8.9	-9.2	-7.4	-8.7	-8.8	-7.7	-6.4	-8.4	-8.4	-8.9	-8.8	-7.7	-5.9	-6.8
3pxf_protein_Repair_4	-8.0	-8.2	-8.2	-8.4	-8.7	-9.1	-9.5	-8.0	-8.9	-9.4	-9.1	-8.2	-8.2	-7.6	-8.5	-8.6	-8.8	-7.7	-8.9	-9.1	-8.7	-8.6	-8.8	-7.2	-7.8	-7.4	-7.4	-8.8	-8.2	-8.2	-8.3	-6.0	-6.2	-8.7	-8.2	-9.1	-9.3	-8.7	-8.1	-8.4	-9.3	-8.4	-8.0	-9.2	-8.3	-8.5	-8.5	-9.0	-9.0	-8.6	-8.2	-8.7	-8.4	-9.2	-8.5	-9.0	-8.6	-9.2	-8.6	-8.7	-5.7	-9.0	-9.2	-8.5	-7.2	-7.8	-8.3	-8.3	-7.6	-7.6	-8.2	-8.9	-9.3	-8.9	-7.0	-8.7	-8.1	-7.2	-8.1	-8.2	-8.0	-8.5	-7.8	-9.3	-8.2	-6.9	-7.9	-7.6	-8.8	-7.9	-7.3	-8.5	-8.0	-7.7	-7.2	-9.0	-7.5	-7.9	-8.1	-8.4	-8.1	-8.5	-9.2	-7.6	-7.0	-9.4	-7.8	-7.8	-7.5	-8.2	-8.4	-4.2	-8.8	-7.9	-8.5	-8.2	-8.2	-8.4	-8.7	-8.7	-7.8	-9.1	-8.5	-6.9	-8.8	-10.2	-8.5	-8.6	-9.5	-7.6	-7.9	-8.3	-7.8	-8.6	-8.0	-8.4	-9.1	-9.0	-8.3	-8.4	-7.7	-9.1	-8.9	-9.2	-8.6	-8.8	-7.9	-8.4	-9.1	-8.4	-8.5	-8.1	-8.2	-9.4	-8.0	-8.2	-8.2	-8.4	-8.9	-8.9	-8.0	-8.6	-7.2	-8.1	-8.3	-8.5	-8.2	-8.5	-9.4	-8.8	-8.3	-8.7	-9.1	-8.2	-7.3	-8.4	-8.0	-7.8	-8.9	-8.1	-8.6	-9.3	-8.8	-9.4	-7.8	-8.4	-8.2	-8.2	-8.3	-8.1	-8.5	-8.3	-8.5	-8.4	-8.6	-8.4	-8.2	-8.6	-8.3	-8.3	-8.8	-8.3	-8.2	-8.3	-8.1	-8.5	-8.4	-9.2	-8.8	-9.8	-8.2	-8.5	-8.7	-9.1	-9.2	-9.1	-8.6	-7.8	-8.8	-8.6	-8.7	-8.3	-8.7	-8.6	-8.4	-8.5	-8.4	-8.0	-7.9	-8.3	-8.3	-8.4	-8.4	-8.7	-9.3	-9.4	-9.0	-8.9	-8.2	-7.8	-9.3	-9.6	-9.4	-9.2	-8.2	-9.2	-9.2	-8.1	-8.6	-8.9	-8.3	-9.3	-9.1	-10.2	-9.2	-9.0	-8.8	-8.9	-10.1	-9.1	-7.7	-7.9	-7.8	-7.6	-7.3	-8.5	-8.3	-8.4	-8.6	-9.9	-7.3	-9.1	-8.4	-9.5	-9.0	-8.3	-8.0	-8.3	-8.4	-8.6	-8.4	-9.1	-8.5	-9.1	-8.7	-9.0	-7.8	-8.4	-9.0	-8.6	-8.6	-8.2	-8.1	-7.9	-8.7	-8.4	-9.4	-8.7	-8.2	-8.2	-7.7	-8.4	-8.0	-8.8	-8.7	-7.8	-8.5	-7.9	-8.4	-7.9	-8.4	-8.1	-8.1	-8.4	-8.5	-8.4	-8.4	-9.3	-9.5	-9.2	-8.1	-8.1	-8.5	-7.9	-8.8	-8.2	-8.1	-8.5	-8.3	-8.4	-8.6	-9.2	-8.2	-9.1	-8.5	-9.0	-8.8	-9.5	-8.2	-8.0	-8.1	-8.5	-8.0	-8.9	-8.7	-8.4	-8.7	-8.5	-8.8	-8.4	-8.6	-8.5	-7.2	-8.3	-8.6	-8.4	-8.6	-9.0	-9.1	-8.0	-8.2	-7.2	-9.1	-8.2	-8.7	-8.5	-8.4	-8.3	-8.5	-9.1	-8.6	-8.4	-8.9	-6.0	-6.2	-9.5	-8.8	-9.4	-1.3	-9.6	-7.5	-10.1	-9.6	-9.9	-9.7	-9.2	-9.1	-9.4	-9.1	-9.1	-8.7	-8.9	-6.9	-8.3	-9.6	-7.6	-8.5	-7.5	-8.2	-9.4	-8.8	-6.1	-7.8	-8.7	-6.7	-7.4	-7.2	-9.2	-7.3	-7.6	-8.8	-8.7	-8.3	-8.5	-8.6	-8.7	-8.9	-9.5	-9.4	-8.9	-8.6	-8.9	-8.8	-9.3	-9.2	-9.1	-9.1	-8.9	-9.0	-8.5	-9.0	-9.3	-8.9	-9.2	-9.0	-9.3	-9.1	-8.3	-8.9	-7.9	-7.2	-8.2	-9.7	-8.6	-8.6	-7.8	-7.9	-9.1	-9.3	-8.4	-7.7	-7.8	-8.8	-9.3	-8.1	-7.7	-8.1	-8.2	-8.5	-7.9	-8.7	-8.1	-7.6	-7.3	-6.9	-8.8	-9.3	-6.7	-9.0	-8.7	-8.0	-9.2	-9.1	-7.9	-7.4	-6.3	-7.6	-8.9	-7.6	-7.8	-7.7	-7.2	-6.1	-9.5	-7.2	-8.9	-7.8	-8.0	-8.3	-8.2	-7.2	-8.3	-8.7	-7.8	-8.7	-9.0	-7.9	-6.2	-7.8	-8.4	-8.2	-9.5	-7.3	-6.4	-6.9
3pxf_protein_Repair_5	-8.7	-8.6	-8.5	-8.9	-8.7	-9.4	-9.3	-8.8	-9.2	-9.7	-9.6	-8.7	-9.2	-7.6	-9.3	-9.1	-9.1	-8.6	-9.2	-9.3	-9.2	-9.2	-9.4	-8.0	-7.9	-7.2	-7.3	-8.7	-9.3	-9.1	-8.7	-6.5	-6.4	-8.7	-8.7	-9.5	-8.7	-9.0	-8.7	-8.4	-9.0	-9.3	-8.5	-9.3	-8.3	-8.8	-9.4	-9.1	-9.3	-8.2	-8.6	-9.0	-9.5	-9.9	-8.4	-9.0	-9.4	-9.6	-9.9	-8.9	-5.9	-9.9	-9.7	-9.1	-8.0	-8.3	-8.7	-8.7	-8.4	-7.2	-9.9	-8.8	-9.5	-10.1	-7.3	-8.6	-9.3	-8.4	-9.2	-8.4	-8.0	-8.3	-8.3	-9.8	-7.8	-7.9	-8.1	-7.7	-8.9	-9.1	-7.8	-8.5	-8.5	-8.1	-8.2	-8.9	-8.1	-8.2	-8.8	-8.3	-8.2	-8.2	-8.6	-8.0	-7.4	-9.4	-8.7	-8.1	-8.4	-8.2	-8.3	-3.9	-8.9	-8.6	-9.0	-8.4	-8.4	-8.8	-8.7	-8.4	-8.2	-9.0	-8.3	-7.0	-7.9	-9.8	-8.3	-8.0	-9.2	-8.0	-8.4	-8.5	-7.6	-9.5	-8.3	-9.7	-9.7	-10.1	-8.7	-9.4	-8.5	-9.5	-9.2	-9.6	-8.7	-8.7	-8.5	-8.6	-9.9	-8.2	-8.9	-8.5	-8.7	-9.5	-8.4	-8.7	-9.4	-9.0	-9.2	-8.7	-8.4	-9.0	-8.2	-8.2	-9.5	-9.7	-8.4	-8.5	-9.7	-8.9	-9.1	-9.3	-8.8	-8.3	-8.0	-8.7	-8.5	-8.5	-8.7	-8.6	-8.7	-8.8	-9.5	-9.4	-8.4	-8.2	-9.2	-8.6	-8.6	-8.9	-8.7	-8.7	-8.7	-8.3	-8.5	-9.1	-9.2	-8.8	-8.8	-8.5	-8.9	-8.2	-8.3	-8.7	-8.7	-8.6	-8.5	-9.4	-8.6	-9.2	-9.3	-10.2	-9.2	-9.9	-9.4	-8.8	-9.3	-8.8	-9.3	-8.5	-9.5	-8.9	-9.0	-9.0	-8.7	-9.0	-8.1	-8.5	-8.7	-9.5	-9.0	-9.5	-9.3	-9.4	-10.4	-10.5	-10.0	-8.8	-8.5	-8.6	-10.4	-10.5	-10.2	-10.2	-9.2	-10.2	-10.4	-9.9	-8.6	-10.0	-8.6	-9.7	-10.2	-9.9	-10.4	-9.8	-9.6	-9.2	-10.4	-9.9	-8.1	-8.6	-8.6	-8.8	-8.1	-9.0	-8.6	-8.1	-9.8	-10.0	-7.5	-8.9	-9.0	-9.8	-9.1	-8.8	-9.5	-8.7	-10.2	-9.9	-8.4	-9.6	-9.2	-9.5	-9.5	-9.1	-8.4	-9.7	-9.7	-8.8	-8.2	-8.7	-8.5	-8.5	-8.7	-8.3	-9.9	-9.7	-9.4	-8.4	-8.5	-9.4	-8.5	-8.9	-8.7	-7.9	-8.9	-9.1	-8.2	-8.4	-9.0	-8.7	-8.5	-8.5	-8.6	-8.2	-8.7	-9.8	-8.8	-9.2	-8.9	-8.7	-8.4	-7.6	-9.1	-9.1	-8.7	-8.7	-8.2	-8.3	-8.5	-9.4	-8.2	-9.4	-9.4	-9.8	-8.6	-9.2	-8.8	-8.4	-9.2	-9.1	-8.5	-9.3	-9.2	-9.1	-9.3	-9.2	-9.7	-8.6	-8.8	-9.0	-7.9	-9.1	-9.5	-8.9	-9.5	-9.6	-9.4	-8.3	-8.3	-8.2	-8.7	-8.6	-9.4	-9.7	-9.3	-9.5	-9.4	-9.6	-9.7	-8.3	-9.2	-6.5	-6.4	-9.6	-9.1	-9.6	-1.3	-9.7	-7.6	-9.0	-9.1	-9.6	-9.8	-9.1	-9.2	-8.9	-9.4	-9.3	-9.3	-9.1	-6.5	-8.7	-9.5	-7.9	-8.4	-7.0	-9.2	-8.9	-8.6	-6.6	-8.1	-9.5	-6.4	-6.9	-7.8	-9.0	-7.7	-8.9	-8.8	-9.0	-8.5	-8.9	-8.8	-8.8	-9.2	-9.1	-9.5	-10.0	-9.0	-9.3	-9.2	-9.0	-9.4	-9.2	-9.5	-9.3	-9.5	-9.4	-9.5	-9.2	-9.3	-9.7	-9.3	-9.2	-9.5	-9.6	-9.3	-8.2	-7.8	-8.4	-9.2	-9.5	-9.2	-7.9	-7.9	-9.9	-9.3	-8.8	-8.0	-7.7	-8.8	-9.7	-8.5	-8.2	-8.2	-8.5	-8.1	-8.2	-8.2	-8.2	-7.2	-6.9	-7.0	-9.8	-9.2	-6.8	-9.7	-9.4	-7.6	-9.6	-9.5	-8.0	-8.2	-6.6	-7.2	-9.0	-8.0	-8.5	-7.8	-7.0	-6.5	-9.2	-6.9	-8.9	-8.1	-8.4	-8.5	-9.1	-6.7	-8.9	-9.4	-7.6	-9.1	-9.5	-8.1	-6.7	-7.8	-8.5	-8.9	-9.7	-8.1	-6.2	-6.7
3pxf_protein_Repair_6	-8.1	-8.4	-8.5	-8.6	-8.6	-9.3	-9.2	-8.6	-9.4	-9.0	-9.2	-8.5	-8.7	-7.9	-9.0	-8.5	-8.5	-9.0	-8.6	-8.6	-8.5	-9.2	-9.1	-7.5	-8.1	-7.0	-7.5	-10.0	-9.2	-8.7	-8.1	-6.2	-6.5	-8.8	-8.8	-9.3	-8.1	-8.9	-8.4	-8.5	-9.5	-8.6	-8.3	-9.2	-9.1	-8.4	-9.3	-8.6	-8.4	-8.2	-8.5	-9.1	-7.7	-9.6	-8.1	-8.9	-9.1	-9.4	-9.5	-8.9	-6.1	-9.4	-9.6	-8.4	-7.6	-7.9	-9.1	-8.5	-8.1	-7.3	-9.8	-8.9	-9.5	-9.9	-7.0	-8.5	-8.5	-8.1	-8.6	-8.3	-8.0	-8.9	-8.2	-9.6	-7.9	-7.9	-8.1	-8.0	-8.9	-8.6	-7.4	-8.3	-8.4	-7.9	-8.2	-9.0	-7.9	-8.2	-8.4	-8.4	-7.9	-8.6	-9.0	-7.5	-7.3	-9.4	-8.3	-7.9	-8.4	-8.1	-8.5	-4.1	-8.8	-8.3	-8.7	-8.1	-8.5	-8.6	-8.6	-8.5	-7.7	-8.8	-8.6	-7.0	-8.3	-9.7	-8.3	-8.3	-9.2	-7.9	-8.0	-8.4	-7.5	-9.1	-7.9	-9.3	-9.5	-8.9	-8.0	-8.9	-8.0	-9.4	-8.8	-9.4	-8.2	-8.4	-8.3	-8.4	-9.7	-8.1	-8.9	-7.9	-8.4	-9.4	-8.1	-8.0	-8.8	-8.5	-8.8	-8.9	-7.9	-8.9	-7.9	-8.3	-8.6	-9.5	-8.2	-8.5	-9.3	-8.9	-8.5	-8.9	-8.7	-8.7	-7.7	-8.3	-8.3	-8.2	-8.9	-7.9	-8.7	-8.7	-8.7	-8.6	-8.1	-8.2	-9.1	-8.6	-8.3	-8.7	-8.7	-8.6	-8.7	-8.5	-8.2	-8.5	-8.3	-8.5	-8.7	-8.3	-8.6	-8.6	-8.3	-8.4	-8.3	-8.3	-8.5	-9.6	-8.7	-9.0	-9.3	-10.3	-9.3	-9.5	-9.3	-9.1	-8.9	-8.7	-9.0	-8.2	-9.3	-8.7	-8.8	-8.8	-8.5	-8.7	-8.2	-8.7	-8.7	-8.9	-8.7	-9.0	-8.8	-9.0	-9.8	-10.3	-9.8	-8.9	-8.1	-8.7	-10.1	-10.2	-10.0	-9.9	-9.1	-9.9	-10.1	-9.6	-8.6	-9.7	-8.3	-9.6	-9.9	-9.9	-9.9	-9.6	-9.4	-8.9	-10.3	-9.7	-7.9	-7.7	-8.5	-8.4	-7.9	-8.4	-8.6	-8.1	-8.6	-9.9	-7.5	-8.7	-8.6	-9.6	-8.8	-8.1	-9.3	-8.6	-10.3	-9.8	-8.4	-8.9	-9.1	-9.4	-9.0	-9.1	-8.1	-9.2	-9.5	-8.5	-8.3	-8.3	-8.3	-8.2	-8.4	-8.5	-9.7	-9.5	-8.8	-8.1	-8.1	-8.9	-8.2	-8.6	-8.6	-8.2	-8.9	-8.6	-8.1	-8.0	-8.8	-8.6	-8.5	-8.5	-8.4	-8.1	-8.5	-8.7	-9.2	-9.2	-8.6	-8.3	-8.4	-7.9	-9.3	-8.5	-8.1	-8.7	-8.6	-8.5	-8.2	-9.6	-8.0	-9.3	-9.0	-9.4	-8.7	-9.2	-8.7	-8.1	-8.5	-8.0	-7.9	-8.6	-9.2	-8.5	-8.5	-8.4	-9.1	-8.4	-8.3	-8.9	-7.7	-8.7	-9.5	-8.6	-9.1	-9.4	-9.2	-7.9	-8.7	-7.9	-8.8	-8.3	-8.6	-8.2	-9.4	-8.6	-8.6	-9.4	-9.6	-8.4	-8.8	-6.2	-6.5	-9.5	-8.6	-9.4	-1.2	-9.6	-7.7	-9.0	-9.2	-9.2	-9.6	-9.4	-9.1	-9.4	-9.1	-9.0	-9.6	-9.0	-6.7	-9.1	-9.2	-8.0	-8.2	-7.3	-8.8	-9.5	-9.3	-6.0	-7.9	-9.2	-6.6	-6.7	-8.2	-9.0	-7.8	-7.9	-9.0	-9.0	-8.4	-9.2	-8.9	-9.0	-9.6	-9.2	-9.6	-9.6	-9.3	-9.5	-9.5	-9.0	-9.7	-9.3	-9.8	-9.4	-9.4	-9.0	-9.9	-9.7	-9.6	-9.8	-9.4	-9.7	-9.8	-9.8	-9.6	-8.3	-8.0	-8.4	-9.4	-9.6	-8.8	-8.2	-7.8	-9.9	-9.4	-8.6	-8.0	-8.0	-8.5	-9.1	-8.7	-8.4	-8.3	-8.7	-8.3	-8.2	-8.5	-8.2	-7.4	-7.4	-6.9	-9.7	-9.4	-6.5	-10.0	-8.8	-8.0	-9.1	-9.8	-7.9	-8.4	-6.7	-7.3	-9.2	-8.1	-8.6	-7.6	-7.1	-6.5	-9.3	-7.0	-9.0	-8.2	-8.1	-8.3	-8.8	-6.8	-9.0	-9.0	-7.8	-9.0	-9.0	-8.1	-6.7	-7.8	-8.4	-9.1	-9.0	-7.7	-6.2	-6.7
3pxf_protein_Repair_7	-8.6	-8.6	-8.7	-8.9	-8.6	-9.1	-9.2	-8.3	-9.0	-9.8	-9.3	-8.4	-9.1	-7.9	-8.8	-9.7	-9.1	-8.7	-9.4	-9.0	-8.8	-8.8	-9.6	-8.0	-8.2	-7.3	-7.3	-9.7	-9.3	-9.5	-9.0	-6.4	-6.4	-8.7	-8.8	-9.5	-8.8	-9.2	-8.4	-8.6	-9.4	-9.1	-8.1	-9.3	-9.1	-8.7	-9.4	-9.1	-9.0	-8.1	-8.5	-9.5	-9.7	-10.2	-8.3	-8.7	-9.0	-9.7	-9.5	-9.2	-6.0	-9.6	-9.5	-9.1	-7.9	-8.1	-8.7	-8.8	-8.2	-7.4	-9.6	-8.8	-9.2	-9.7	-7.4	-8.5	-9.3	-8.2	-8.9	-8.1	-8.1	-8.4	-8.2	-9.9	-8.0	-7.8	-8.1	-8.1	-8.9	-8.9	-7.5	-8.7	-8.3	-7.9	-8.0	-8.8	-8.0	-8.1	-8.7	-8.7	-8.1	-8.2	-8.6	-7.8	-7.3	-9.6	-8.6	-7.9	-8.2	-8.5	-8.3	-4.0	-8.8	-8.5	-8.9	-8.6	-8.6	-9.1	-8.9	-8.3	-8.3	-9.1	-8.6	-7.0	-8.1	-10.0	-8.5	-8.2	-9.4	-8.1	-8.4	-8.7	-7.9	-9.2	-8.6	-9.6	-9.5	-9.2	-8.5	-9.2	-8.5	-9.6	-9.3	-9.6	-8.5	-8.6	-8.5	-8.6	-9.7	-8.2	-9.1	-8.6	-8.7	-9.4	-8.6	-8.6	-9.1	-8.9	-9.0	-9.1	-8.0	-9.3	-8.0	-8.3	-8.7	-9.8	-8.4	-8.7	-9.8	-8.8	-9.4	-9.3	-8.9	-8.3	-7.7	-8.6	-8.5	-8.7	-8.7	-8.6	-8.5	-9.8	-9.0	-9.1	-8.7	-8.2	-9.0	-8.7	-8.5	-9.2	-8.4	-8.6	-8.8	-8.2	-8.4	-8.9	-9.0	-8.8	-8.7	-9.2	-8.8	-8.5	-8.2	-8.9	-8.6	-8.6	-8.5	-9.7	-8.7	-9.4	-9.6	-9.8	-8.9	-9.9	-9.1	-8.8	-9.0	-9.1	-9.6	-8.8	-9.3	-8.7	-9.0	-9.3	-8.5	-9.3	-8.6	-9.0	-8.5	-9.6	-8.8	-9.6	-9.3	-9.6	-10.2	-10.6	-10.1	-8.9	-8.6	-8.9	-10.3	-10.3	-10.4	-10.3	-9.4	-10.2	-10.3	-9.6	-8.8	-10.1	-8.5	-10.0	-10.1	-9.6	-10.3	-9.7	-9.5	-9.0	-10.4	-10.1	-8.6	-9.1	-8.8	-9.0	-8.5	-9.0	-8.5	-8.3	-9.6	-9.7	-8.0	-8.9	-8.9	-9.9	-9.0	-8.5	-9.6	-8.8	-9.8	-9.7	-8.7	-9.3	-9.0	-9.6	-9.2	-8.9	-8.7	-9.6	-9.5	-8.8	-8.1	-8.6	-8.5	-8.7	-8.7	-8.3	-9.2	-9.8	-9.1	-8.4	-8.4	-8.8	-8.5	-8.8	-8.6	-8.2	-9.2	-8.9	-8.2	-8.2	-9.4	-8.6	-8.7	-8.5	-8.4	-8.2	-8.9	-8.8	-9.3	-9.3	-9.2	-8.7	-8.6	-7.8	-8.9	-9.1	-8.6	-8.8	-8.5	-8.3	-8.5	-9.7	-8.5	-9.1	-8.8	-9.9	-8.7	-9.2	-8.7	-9.1	-9.0	-8.9	-8.6	-9.4	-9.0	-9.0	-8.8	-9.5	-9.3	-8.6	-8.7	-9.1	-7.8	-9.5	-9.1	-9.0	-9.2	-9.5	-9.5	-8.6	-8.3	-8.0	-8.8	-8.5	-9.5	-9.0	-8.9	-8.7	-9.1	-9.7	-9.6	-8.7	-9.3	-6.1	-6.4	-9.4	-9.2	-9.3	-1.2	-9.8	-7.5	-9.1	-9.1	-9.6	-9.8	-9.2	-9.1	-9.1	-9.4	-9.0	-9.7	-9.3	-6.6	-8.7	-9.4	-7.7	-8.5	-7.2	-8.5	-9.1	-8.9	-6.4	-9.0	-9.2	-6.3	-7.0	-8.4	-9.0	-7.6	-8.9	-9.2	-9.1	-8.2	-9.0	-8.9	-9.0	-9.3	-9.1	-9.6	-9.8	-9.0	-8.8	-8.9	-8.8	-9.9	-9.3	-9.6	-9.4	-9.4	-9.2	-9.5	-9.7	-9.5	-9.7	-9.4	-9.5	-9.4	-9.8	-9.6	-8.6	-7.8	-8.4	-9.4	-9.3	-8.5	-8.1	-8.0	-9.5	-9.2	-8.3	-8.8	-8.0	-9.3	-9.5	-8.3	-8.1	-8.2	-8.4	-8.4	-8.2	-8.3	-8.4	-7.5	-7.3	-6.9	-9.8	-9.1	-6.9	-9.7	-9.3	-7.7	-9.6	-9.3	-8.0	-8.0	-6.4	-7.2	-8.9	-8.2	-8.5	-7.7	-7.0	-6.5	-9.5	-6.9	-8.7	-7.9	-8.2	-8.6	-9.3	-6.8	-8.9	-9.3	-7.7	-9.2	-9.3	-8.1	-6.4	-7.6	-8.3	-8.9	-9.5	-7.8	-6.2	-6.8
3pxf_protein_Repair_8	-8.5	-8.7	-9.0	-8.8	-8.7	-9.3	-9.4	-9.5	-9.6	-10.1	-9.4	-8.8	-9.3	-7.7	-9.0	-9.5	-9.8	-8.2	-9.8	-9.8	-9.4	-9.7	-9.9	-7.5	-8.6	-7.3	-7.3	-9.8	-9.0	-9.5	-8.1	-6.6	-6.6	-9.3	-8.7	-10.5	-9.1	-9.2	-8.3	-9.8	-9.9	-8.8	-8.3	-9.5	-9.6	-8.3	-10.0	-9.7	-9.8	-8.1	-8.6	-9.7	-9.1	-10.0	-8.3	-8.9	-9.5	-10.2	-9.6	-10.2	-6.4	-10.4	-9.7	-9.0	-7.8	-8.1	-8.9	-9.1	-8.3	-7.7	-10.0	-8.7	-9.5	-10.1	-7.3	-8.5	-9.0	-8.2	-9.1	-8.6	-8.3	-8.6	-8.7	-10.0	-7.8	-8.0	-8.0	-8.2	-9.3	-9.0	-7.4	-8.4	-8.4	-8.0	-8.2	-9.2	-8.3	-8.4	-9.0	-9.0	-8.3	-8.6	-8.6	-7.8	-7.5	-9.3	-8.6	-8.3	-8.3	-8.6	-8.6	-4.2	-9.3	-8.6	-8.6	-8.4	-8.7	-8.7	-9.2	-8.8	-8.3	-8.9	-8.8	-7.0	-7.8	-10.8	-8.6	-8.8	-9.4	-8.0	-8.3	-8.7	-8.0	-9.4	-8.4	-8.6	-9.8	-10.5	-8.7	-9.3	-8.5	-9.7	-9.2	-9.6	-9.5	-8.9	-8.5	-8.5	-9.9	-8.3	-9.3	-8.7	-8.9	-9.4	-8.5	-8.5	-9.0	-8.8	-8.9	-9.0	-8.9	-9.2	-7.8	-8.3	-9.2	-9.1	-8.3	-8.8	-9.7	-8.8	-9.1	-9.0	-8.8	-8.2	-7.7	-8.5	-8.4	-8.7	-9.3	-8.8	-8.3	-9.7	-8.7	-10.3	-8.5	-8.2	-9.3	-8.5	-8.8	-9.2	-8.9	-8.6	-8.8	-8.5	-8.5	-9.2	-9.4	-8.9	-9.3	-8.9	-8.9	-8.5	-8.2	-9.0	-8.8	-8.3	-8.7	-9.5	-8.8	-10.0	-9.2	-9.9	-9.7	-9.7	-10.0	-9.1	-9.3	-9.0	-9.3	-9.0	-9.2	-8.8	-8.9	-9.1	-9.2	-9.3	-8.8	-8.4	-9.2	-9.6	-8.5	-9.4	-9.4	-9.4	-10.2	-10.3	-9.9	-9.4	-8.8	-8.9	-10.2	-10.4	-10.1	-10.1	-9.1	-10.1	-10.3	-9.7	-9.0	-9.9	-8.5	-9.8	-10.1	-10.3	-10.3	-9.7	-9.7	-8.8	-10.1	-10.4	-8.5	-9.1	-8.2	-9.3	-8.5	-9.1	-8.5	-8.3	-9.7	-10.0	-7.8	-8.8	-8.8	-10.0	-9.2	-8.7	-9.3	-9.2	-9.9	-10.0	-8.8	-10.1	-9.3	-9.5	-9.4	-9.2	-8.5	-9.5	-9.8	-8.9	-8.2	-8.5	-8.4	-8.7	-8.9	-8.6	-9.8	-9.5	-9.0	-8.2	-8.5	-10.0	-8.5	-8.8	-8.7	-8.6	-9.3	-9.6	-8.2	-8.3	-9.0	-8.6	-8.9	-8.7	-8.6	-8.3	-9.0	-9.7	-10.2	-10.2	-9.2	-8.8	-8.2	-7.9	-9.6	-9.3	-8.4	-8.8	-8.5	-8.6	-8.5	-9.6	-8.6	-9.4	-9.6	-9.6	-8.8	-9.4	-9.3	-9.0	-9.1	-9.5	-8.7	-9.7	-9.7	-9.1	-9.9	-9.4	-10.1	-8.5	-8.9	-9.1	-7.7	-9.5	-9.8	-9.6	-9.2	-9.3	-10.5	-8.4	-8.2	-7.8	-8.7	-8.8	-9.8	-9.3	-9.9	-9.5	-9.3	-10.4	-9.7	-9.0	-9.3	-6.6	-6.6	-9.4	-9.2	-9.5	-1.1	-9.7	-7.3	-9.3	-9.0	-9.7	-9.3	-8.9	-9.1	-9.2	-9.4	-9.0	-10.0	-9.1	-6.7	-8.6	-9.1	-8.3	-8.5	-7.3	-8.3	-9.1	-9.0	-6.1	-8.8	-9.1	-6.5	-7.1	-8.3	-9.1	-7.7	-9.2	-8.7	-8.9	-9.2	-8.9	-9.0	-8.6	-9.2	-9.4	-9.6	-9.5	-8.9	-8.8	-8.9	-9.3	-9.7	-9.2	-9.3	-9.4	-9.5	-9.4	-9.5	-9.6	-9.4	-9.8	-9.2	-9.3	-9.3	-9.5	-9.7	-9.2	-8.4	-8.3	-9.3	-9.2	-9.1	-8.3	-8.2	-9.4	-9.9	-8.3	-9.2	-8.0	-9.5	-9.4	-8.6	-8.4	-8.4	-8.6	-8.4	-8.2	-8.3	-9.1	-7.6	-7.5	-7.0	-9.8	-9.8	-6.8	-10.0	-9.1	-7.8	-9.1	-9.3	-8.0	-8.1	-6.8	-7.3	-9.1	-8.0	-8.6	-7.9	-7.0	-6.5	-9.2	-6.9	-8.9	-8.6	-8.4	-8.5	-9.1	-6.9	-9.2	-9.4	-7.7	-9.2	-9.1	-8.6	-6.6	-8.7	-8.8	-8.9	-9.3	-8.2	-6.3	-6.8
3pxf_protein_Repair_9	-8.3	-8.1	-8.7	-8.7	-8.5	-9.5	-9.2	-8.9	-9.6	-9.8	-9.1	-8.7	-9.1	-7.8	-9.3	-9.1	-9.2	-8.4	-8.6	-8.8	-8.9	-9.1	-8.3	-7.3	-8.2	-6.8	-7.6	-8.8	-9.4	-8.6	-8.4	-6.3	-6.5	-8.7	-8.0	-8.9	-8.0	-8.5	-8.6	-8.5	-8.7	-9.4	-8.7	-9.5	-9.4	-8.7	-8.5	-9.3	-9.0	-7.9	-9.0	-9.4	-8.1	-10.3	-8.1	-9.0	-9.3	-9.7	-9.8	-9.5	-6.0	-9.1	-8.7	-8.8	-7.6	-8.1	-9.2	-8.8	-8.3	-7.7	-9.2	-8.6	-9.6	-10.2	-7.0	-8.6	-9.4	-8.5	-9.0	-8.4	-8.2	-8.0	-8.2	-9.5	-7.6	-7.7	-7.5	-7.6	-8.9	-9.0	-7.6	-8.6	-8.7	-7.9	-7.4	-9.2	-8.4	-8.2	-8.3	-8.2	-8.4	-8.3	-8.6	-7.9	-7.6	-9.4	-8.6	-7.9	-8.4	-8.4	-8.4	-4.0	-8.8	-8.2	-8.8	-8.2	-8.7	-8.6	-8.8	-8.4	-8.1	-9.3	-8.9	-7.0	-8.2	-9.9	-8.5	-8.2	-9.5	-8.2	-8.3	-8.3	-7.5	-9.8	-8.0	-9.4	-9.6	-9.6	-8.0	-9.6	-8.2	-9.2	-8.9	-9.4	-8.9	-8.7	-8.3	-8.6	-9.9	-7.9	-8.8	-8.3	-8.4	-9.4	-8.5	-8.0	-9.4	-8.8	-8.9	-8.0	-7.9	-9.4	-7.3	-8.3	-8.7	-9.4	-8.3	-8.3	-9.7	-8.7	-8.8	-8.7	-8.9	-8.3	-7.5	-8.4	-8.3	-8.4	-8.3	-8.3	-8.1	-8.7	-9.0	-9.2	-8.4	-8.2	-8.9	-8.2	-8.3	-9.0	-8.6	-8.3	-8.3	-8.7	-8.5	-8.9	-8.3	-8.6	-8.8	-8.4	-8.7	-8.5	-8.2	-9.0	-8.2	-8.3	-8.5	-9.3	-8.9	-10.0	-9.6	-9.9	-8.8	-9.1	-9.7	-9.0	-9.6	-7.7	-8.3	-8.2	-9.2	-8.5	-8.6	-8.0	-8.5	-8.7	-8.1	-7.8	-8.4	-8.3	-8.9	-8.6	-8.1	-8.3	-9.4	-9.4	-9.1	-8.7	-8.1	-8.5	-9.6	-9.6	-9.5	-9.6	-8.7	-9.4	-9.6	-9.0	-8.7	-9.4	-8.1	-9.1	-9.5	-9.0	-9.0	-9.7	-8.8	-8.8	-9.6	-9.3	-8.1	-8.7	-8.1	-8.8	-7.9	-8.8	-8.8	-8.1	-8.6	-10.2	-7.3	-8.9	-8.8	-9.3	-8.9	-8.0	-9.7	-8.9	-9.9	-9.1	-8.2	-9.6	-8.9	-9.2	-9.7	-9.4	-8.4	-9.5	-9.6	-8.6	-7.9	-8.3	-8.4	-8.4	-8.9	-8.4	-9.9	-8.9	-9.4	-8.3	-8.2	-9.6	-8.4	-8.7	-8.5	-7.6	-8.8	-9.0	-8.2	-8.3	-8.9	-8.3	-8.6	-8.5	-8.5	-8.1	-9.0	-8.8	-8.7	-8.8	-9.0	-8.2	-8.3	-8.0	-8.8	-9.1	-8.3	-8.3	-8.5	-8.7	-8.5	-9.3	-8.3	-9.5	-9.3	-9.1	-8.9	-9.2	-8.8	-8.6	-8.8	-8.7	-8.3	-8.6	-9.2	-8.8	-8.4	-8.3	-9.4	-8.6	-8.6	-9.4	-7.4	-8.6	-9.2	-8.6	-9.7	-9.4	-8.9	-8.0	-8.3	-7.3	-8.0	-8.2	-9.1	-9.4	-9.3	-9.3	-8.4	-8.7	-9.8	-8.2	-8.8	-6.3	-6.5	-9.2	-9.2	-9.6	-1.1	-10.1	-8.0	-9.3	-9.4	-9.4	-9.7	-9.7	-9.2	-9.5	-9.3	-9.4	-10.2	-8.8	-6.5	-8.6	-9.6	-7.7	-7.8	-7.2	-8.9	-9.4	-9.0	-6.5	-7.6	-9.5	-6.4	-7.0	-7.7	-9.0	-7.3	-7.6	-9.3	-9.3	-9.0	-9.3	-9.1	-9.3	-9.6	-9.1	-9.7	-10.1	-9.6	-9.4	-9.3	-9.4	-9.8	-9.4	-9.8	-9.5	-8.8	-9.5	-9.7	-9.7	-9.6	-9.9	-9.5	-9.1	-9.7	-9.7	-10.0	-8.2	-8.0	-7.9	-9.7	-9.7	-8.6	-8.1	-8.2	-9.9	-9.2	-8.3	-7.7	-7.7	-8.9	-9.6	-8.1	-7.9	-7.9	-8.1	-8.1	-8.3	-8.5	-7.8	-7.6	-7.6	-7.0	-9.7	-9.1	-6.8	-9.7	-9.0	-7.9	-8.6	-9.6	-8.2	-7.9	-6.8	-7.0	-9.3	-7.7	-8.7	-7.5	-7.1	-6.5	-9.2	-7.1	-8.9	-8.0	-8.5	-8.7	-8.9	-6.9	-8.8	-9.3	-7.5	-9.1	-9.4	-8.2	-6.6	-8.4	-8.7	-8.6	-9.8	-7.8	-6.3	-6.8
3pxf_protein_Repair_WT	-8.0	-8.4	-8.4	-8.5	-8.5	-9.2	-9.5	-8.6	-9.0	-10.2	-9.4	-8.4	-8.5	-7.7	-8.9	-9.4	-8.6	-8.7	-9.5	-9.3	-8.9	-8.6	-9.4	-7.4	-8.2	-7.5	-7.1	-9.8	-9.4	-8.7	-8.6	-6.3	-6.5	-8.8	-8.6	-9.7	-8.4	-9.4	-8.6	-8.4	-9.7	-9.1	-8.4	-9.4	-9.5	-8.5	-9.2	-8.6	-8.7	-8.3	-8.6	-9.4	-9.2	-8.7	-8.1	-9.2	-9.1	-9.6	-9.0	-8.7	-6.0	-10.1	-9.8	-8.8	-7.6	-7.8	-8.7	-8.8	-8.0	-7.6	-9.2	-8.6	-9.5	-9.9	-6.8	-8.5	-9.3	-8.0	-8.3	-8.1	-8.0	-8.4	-8.4	-9.9	-7.5	-8.1	-8.0	-7.6	-8.9	-8.6	-7.3	-8.4	-8.6	-8.0	-8.5	-8.9	-8.2	-8.2	-8.1	-8.2	-7.9	-8.6	-8.6	-7.6	-7.2	-9.2	-8.2	-8.0	-8.1	-8.3	-8.4	-4.0	-8.9	-8.4	-8.7	-8.1	-8.3	-8.7	-8.7	-8.2	-7.6	-9.0	-8.3	-6.8	-8.0	-10.8	-8.4	-8.4	-8.9	-8.0	-7.9	-8.4	-7.3	-9.3	-8.4	-8.9	-8.9	-9.4	-8.9	-9.0	-7.9	-9.4	-8.7	-8.7	-8.6	-8.7	-8.6	-8.3	-9.2	-8.2	-9.1	-8.0	-8.9	-9.5	-8.2	-8.9	-9.3	-9.0	-9.1	-8.9	-7.8	-9.2	-7.6	-8.6	-8.9	-9.0	-8.2	-8.4	-8.8	-8.7	-9.3	-9.0	-8.5	-8.6	-7.7	-8.4	-8.2	-8.3	-8.8	-8.3	-8.6	-9.1	-9.1	-9.1	-8.2	-8.4	-9.2	-8.6	-8.8	-8.9	-8.3	-8.6	-8.4	-8.5	-8.4	-8.3	-8.4	-8.5	-8.5	-8.5	-9.0	-8.6	-8.2	-8.6	-8.4	-8.7	-8.1	-9.8	-8.9	-9.4	-9.5	-9.6	-9.5	-9.2	-9.9	-8.6	-9.7	-9.3	-9.5	-8.8	-9.0	-8.8	-8.7	-9.3	-8.9	-9.0	-8.3	-8.5	-9.1	-9.4	-8.9	-9.0	-8.9	-9.0	-10.4	-10.6	-10.5	-9.6	-8.2	-8.8	-10.4	-10.3	-10.2	-10.3	-9.2	-10.3	-10.4	-10.0	-8.7	-10.4	-8.6	-9.8	-10.3	-10.8	-9.9	-9.7	-9.6	-8.9	-10.5	-10.2	-8.3	-9.0	-8.3	-8.9	-8.6	-8.8	-8.6	-8.1	-9.6	-9.9	-7.5	-8.5	-8.9	-9.8	-9.3	-8.9	-9.6	-8.8	-9.6	-9.9	-8.7	-9.9	-9.2	-9.4	-9.3	-9.4	-8.2	-8.9	-8.9	-8.5	-8.2	-8.5	-8.2	-8.2	-8.6	-8.4	-9.2	-9.0	-9.3	-8.2	-7.9	-9.0	-8.6	-8.5	-8.5	-8.1	-9.1	-8.3	-8.4	-8.0	-9.3	-8.6	-8.3	-8.3	-8.4	-8.2	-8.5	-9.9	-9.1	-9.4	-9.3	-8.4	-8.7	-7.9	-8.8	-8.6	-8.0	-8.3	-8.6	-8.5	-8.4	-9.8	-8.3	-9.2	-8.8	-9.2	-8.9	-9.5	-8.5	-8.3	-8.6	-8.7	-8.0	-9.5	-9.2	-8.3	-8.9	-8.7	-9.7	-8.3	-8.6	-9.2	-7.7	-8.6	-9.2	-9.1	-8.8	-8.7	-9.7	-8.4	-8.7	-7.6	-8.7	-8.8	-9.4	-9.0	-9.4	-8.8	-9.4	-9.5	-9.8	-8.2	-8.7	-6.3	-6.5	-9.5	-8.9	-9.5	-1.5	-9.5	-7.5	-9.1	-9.4	-9.6	-9.9	-9.2	-8.8	-9.2	-9.5	-8.8	-9.8	-9.2	-6.6	-8.5	-9.1	-8.1	-8.2	-7.1	-8.9	-9.1	-8.9	-6.0	-8.3	-9.2	-6.3	-7.0	-8.2	-9.0	-7.7	-8.8	-9.1	-9.2	-8.7	-9.2	-9.1	-9.1	-9.4	-9.7	-9.9	-9.9	-9.3	-9.2	-9.3	-9.2	-9.9	-9.4	-10.0	-9.7	-9.6	-9.2	-9.5	-9.9	-9.6	-10.1	-9.5	-9.2	-10.0	-9.9	-9.8	-8.6	-8.0	-8.2	-9.5	-9.5	-8.6	-8.2	-8.1	-10.0	-9.7	-8.6	-8.2	-7.9	-9.1	-9.5	-8.7	-8.2	-8.3	-8.7	-8.0	-8.2	-8.3	-8.5	-7.5	-7.1	-6.9	-9.7	-9.6	-6.5	-9.6	-9.5	-7.8	-9.2	-9.8	-8.1	-8.0	-6.5	-7.2	-9.1	-8.1	-8.4	-7.7	-6.9	-6.3	-9.8	-6.7	-9.2	-8.3	-8.3	-8.6	-9.2	-6.9	-9.2	-9.2	-7.5	-9.4	-9.2	-8.1	-6.0	-8.6	-8.7	-8.7	-9.2	-7.8	-6.1	-6.7
