Varaint	3ui7_ligand_similar_1	3ui7_ligand_similar_10	3ui7_ligand_similar_11	3ui7_ligand_similar_12	3ui7_ligand_similar_13	3ui7_ligand_similar_14	3ui7_ligand_similar_15	3ui7_ligand_similar_16	3ui7_ligand_similar_17	3ui7_ligand_similar_18	3ui7_ligand_similar_19	3ui7_ligand_similar_2	3ui7_ligand_similar_20	3ui7_ligand_similar_21	3ui7_ligand_similar_22	3ui7_ligand_similar_23	3ui7_ligand_similar_24	3ui7_ligand_similar_25	3ui7_ligand_similar_26	3ui7_ligand_similar_27	3ui7_ligand_similar_28	3ui7_ligand_similar_29	3ui7_ligand_similar_3	3ui7_ligand_similar_30	3ui7_ligand_similar_31	3ui7_ligand_similar_32	3ui7_ligand_similar_33	3ui7_ligand_similar_34	3ui7_ligand_similar_36	3ui7_ligand_similar_38	3ui7_ligand_similar_39	3ui7_ligand_similar_4	3ui7_ligand_similar_40	3ui7_ligand_similar_41	3ui7_ligand_similar_42	3ui7_ligand_similar_43	3ui7_ligand_similar_44	3ui7_ligand_similar_45	3ui7_ligand_similar_46	3ui7_ligand_similar_47	3ui7_ligand_similar_48	3ui7_ligand_similar_49	3ui7_ligand_similar_5	3ui7_ligand_similar_50	3ui7_ligand_similar_51	3ui7_ligand_similar_52	3ui7_ligand_similar_53	3ui7_ligand_similar_54	3ui7_ligand_similar_55	3ui7_ligand_similar_56	3ui7_ligand_similar_57	3ui7_ligand_similar_58	3ui7_ligand_similar_59	3ui7_ligand_similar_6	3ui7_ligand_similar_60	3ui7_ligand_similar_61	3ui7_ligand_similar_62	3ui7_ligand_similar_63	3ui7_ligand_similar_64	3ui7_ligand_similar_65	3ui7_ligand_similar_66	3ui7_ligand_similar_67	3ui7_ligand_similar_68	3ui7_ligand_similar_69	3ui7_ligand_similar_7	3ui7_ligand_similar_70	3ui7_ligand_similar_71	3ui7_ligand_similar_72	3ui7_ligand_similar_73	3ui7_ligand_similar_74	3ui7_ligand_similar_8	3ui7_ligand_similar_9	3uuo_ligand_similar_1	3uuo_ligand_similar_10	3uuo_ligand_similar_100	3uuo_ligand_similar_104	3uuo_ligand_similar_105	3uuo_ligand_similar_106	3uuo_ligand_similar_107	3uuo_ligand_similar_108	3uuo_ligand_similar_109	3uuo_ligand_similar_11	3uuo_ligand_similar_111	3uuo_ligand_similar_112	3uuo_ligand_similar_113	3uuo_ligand_similar_114	3uuo_ligand_similar_12	3uuo_ligand_similar_120	3uuo_ligand_similar_121	3uuo_ligand_similar_122	3uuo_ligand_similar_124	3uuo_ligand_similar_129	3uuo_ligand_similar_13	3uuo_ligand_similar_130	3uuo_ligand_similar_131	3uuo_ligand_similar_134	3uuo_ligand_similar_135	3uuo_ligand_similar_136	3uuo_ligand_similar_137	3uuo_ligand_similar_138	3uuo_ligand_similar_139	3uuo_ligand_similar_14	3uuo_ligand_similar_143	3uuo_ligand_similar_15	3uuo_ligand_similar_150	3uuo_ligand_similar_151	3uuo_ligand_similar_152	3uuo_ligand_similar_153	3uuo_ligand_similar_154	3uuo_ligand_similar_155	3uuo_ligand_similar_158	3uuo_ligand_similar_159	3uuo_ligand_similar_16	3uuo_ligand_similar_160	3uuo_ligand_similar_161	3uuo_ligand_similar_163	3uuo_ligand_similar_164	3uuo_ligand_similar_165	3uuo_ligand_similar_166	3uuo_ligand_similar_167	3uuo_ligand_similar_17	3uuo_ligand_similar_170	3uuo_ligand_similar_171	3uuo_ligand_similar_172	3uuo_ligand_similar_173	3uuo_ligand_similar_174	3uuo_ligand_similar_175	3uuo_ligand_similar_176	3uuo_ligand_similar_177	3uuo_ligand_similar_178	3uuo_ligand_similar_18	3uuo_ligand_similar_182	3uuo_ligand_similar_183	3uuo_ligand_similar_184	3uuo_ligand_similar_187	3uuo_ligand_similar_188	3uuo_ligand_similar_19	3uuo_ligand_similar_193	3uuo_ligand_similar_196	3uuo_ligand_similar_197	3uuo_ligand_similar_198	3uuo_ligand_similar_199	3uuo_ligand_similar_2	3uuo_ligand_similar_20	3uuo_ligand_similar_200	3uuo_ligand_similar_201	3uuo_ligand_similar_202	3uuo_ligand_similar_204	3uuo_ligand_similar_205	3uuo_ligand_similar_206	3uuo_ligand_similar_207	3uuo_ligand_similar_208	3uuo_ligand_similar_21	3uuo_ligand_similar_211	3uuo_ligand_similar_212	3uuo_ligand_similar_213	3uuo_ligand_similar_214	3uuo_ligand_similar_215	3uuo_ligand_similar_217	3uuo_ligand_similar_219	3uuo_ligand_similar_22	3uuo_ligand_similar_220	3uuo_ligand_similar_221	3uuo_ligand_similar_222	3uuo_ligand_similar_225	3uuo_ligand_similar_226	3uuo_ligand_similar_227	3uuo_ligand_similar_228	3uuo_ligand_similar_229	3uuo_ligand_similar_23	3uuo_ligand_similar_230	3uuo_ligand_similar_231	3uuo_ligand_similar_232	3uuo_ligand_similar_233	3uuo_ligand_similar_234	3uuo_ligand_similar_238	3uuo_ligand_similar_239	3uuo_ligand_similar_24	3uuo_ligand_similar_243	3uuo_ligand_similar_244	3uuo_ligand_similar_245	3uuo_ligand_similar_249	3uuo_ligand_similar_25	3uuo_ligand_similar_250	3uuo_ligand_similar_251	3uuo_ligand_similar_252	3uuo_ligand_similar_256	3uuo_ligand_similar_257	3uuo_ligand_similar_258	3uuo_ligand_similar_259	3uuo_ligand_similar_26	3uuo_ligand_similar_260	3uuo_ligand_similar_261	3uuo_ligand_similar_262	3uuo_ligand_similar_263	3uuo_ligand_similar_264	3uuo_ligand_similar_265	3uuo_ligand_similar_27	3uuo_ligand_similar_28	3uuo_ligand_similar_29	3uuo_ligand_similar_3	3uuo_ligand_similar_30	3uuo_ligand_similar_31	3uuo_ligand_similar_32	3uuo_ligand_similar_33	3uuo_ligand_similar_34	3uuo_ligand_similar_35	3uuo_ligand_similar_38	3uuo_ligand_similar_4	3uuo_ligand_similar_40	3uuo_ligand_similar_41	3uuo_ligand_similar_42	3uuo_ligand_similar_44	3uuo_ligand_similar_45	3uuo_ligand_similar_48	3uuo_ligand_similar_5	3uuo_ligand_similar_50	3uuo_ligand_similar_52	3uuo_ligand_similar_53	3uuo_ligand_similar_54	3uuo_ligand_similar_57	3uuo_ligand_similar_58	3uuo_ligand_similar_59	3uuo_ligand_similar_6	3uuo_ligand_similar_61	3uuo_ligand_similar_63	3uuo_ligand_similar_64	3uuo_ligand_similar_65	3uuo_ligand_similar_66	3uuo_ligand_similar_67	3uuo_ligand_similar_68	3uuo_ligand_similar_69	3uuo_ligand_similar_7	3uuo_ligand_similar_70	3uuo_ligand_similar_72	3uuo_ligand_similar_8	3uuo_ligand_similar_80	3uuo_ligand_similar_81	3uuo_ligand_similar_83	3uuo_ligand_similar_84	3uuo_ligand_similar_85	3uuo_ligand_similar_86	3uuo_ligand_similar_89	3uuo_ligand_similar_9	3uuo_ligand_similar_90	3uuo_ligand_similar_93	3uuo_ligand_similar_96	3uuo_ligand_similar_97	3uuo_ligand_similar_99	4llx_ligand_similar_1	4llx_ligand_similar_10	4llx_ligand_similar_11	4llx_ligand_similar_12	4llx_ligand_similar_13	4llx_ligand_similar_14	4llx_ligand_similar_15	4llx_ligand_similar_16	4llx_ligand_similar_17	4llx_ligand_similar_18	4llx_ligand_similar_19	4llx_ligand_similar_2	4llx_ligand_similar_20	4llx_ligand_similar_21	4llx_ligand_similar_22	4llx_ligand_similar_23	4llx_ligand_similar_24	4llx_ligand_similar_25	4llx_ligand_similar_26	4llx_ligand_similar_27	4llx_ligand_similar_28	4llx_ligand_similar_29	4llx_ligand_similar_3	4llx_ligand_similar_30	4llx_ligand_similar_31	4llx_ligand_similar_32	4llx_ligand_similar_33	4llx_ligand_similar_34	4llx_ligand_similar_35	4llx_ligand_similar_36	4llx_ligand_similar_37	4llx_ligand_similar_4	4llx_ligand_similar_6	4llx_ligand_similar_7	4llx_ligand_similar_8	4llx_ligand_similar_9	5c28_ligand_similar_1	5c28_ligand_similar_10	5c28_ligand_similar_11	5c28_ligand_similar_12	5c28_ligand_similar_13	5c28_ligand_similar_14	5c28_ligand_similar_15	5c28_ligand_similar_16	5c28_ligand_similar_17	5c28_ligand_similar_2	5c28_ligand_similar_3	5c28_ligand_similar_4	5c28_ligand_similar_5	5c28_ligand_similar_6	5c28_ligand_similar_7	5c28_ligand_similar_8	5c28_ligand_similar_9	5c2h_ligand_similar_1	5c2h_ligand_similar_10	5c2h_ligand_similar_11	5c2h_ligand_similar_12	5c2h_ligand_similar_13	5c2h_ligand_similar_14	5c2h_ligand_similar_15	5c2h_ligand_similar_16	5c2h_ligand_similar_17	5c2h_ligand_similar_18	5c2h_ligand_similar_19	5c2h_ligand_similar_2	5c2h_ligand_similar_20	5c2h_ligand_similar_21	5c2h_ligand_similar_22	5c2h_ligand_similar_23	5c2h_ligand_similar_24	5c2h_ligand_similar_25	5c2h_ligand_similar_26	5c2h_ligand_similar_27	5c2h_ligand_similar_28	5c2h_ligand_similar_29	5c2h_ligand_similar_3	5c2h_ligand_similar_30	5c2h_ligand_similar_31	5c2h_ligand_similar_32	5c2h_ligand_similar_33	5c2h_ligand_similar_34	5c2h_ligand_similar_35	5c2h_ligand_similar_36	5c2h_ligand_similar_37	5c2h_ligand_similar_38	5c2h_ligand_similar_39	5c2h_ligand_similar_4	5c2h_ligand_similar_40	5c2h_ligand_similar_41	5c2h_ligand_similar_42	5c2h_ligand_similar_43	5c2h_ligand_similar_44	5c2h_ligand_similar_45	5c2h_ligand_similar_46	5c2h_ligand_similar_47	5c2h_ligand_similar_48	5c2h_ligand_similar_49	5c2h_ligand_similar_5	5c2h_ligand_similar_50	5c2h_ligand_similar_6	5c2h_ligand_similar_7	5c2h_ligand_similar_8	5c2h_ligand_similar_9
5c28_protein_Repair_1	-8.1	-8.6	-9.2	-8.2	-8.5	-8.1	-8.6	-8.3	-8.5	-8.6	-9.4	-8.7	-8.3	-8.3	-8.6	-8.1	-9.1	-8.3	-9.2	-9.1	-9.3	-8.7	-8.5	-8.4	-8.7	-8.7	-7.4	-9.1	-7.3	-8.2	-8.4	-9.1	-8.8	-9.5	-9.3	-8.6	-8.6	-8.5	-8.6	-8.3	-7.4	-7.4	-8.7	-8.6	-8.6	-8.2	-8.4	-8.4	-8.9	-8.3	-8.6	-10.3	-8.3	-8.6	-9.0	-8.5	-8.3	-8.3	-9.1	-8.5	-8.1	-8.0	-8.3	-8.4	-9.0	-8.4	-8.4	-8.5	-7.1	-8.3	-8.2	-8.4	-8.3	-8.8	-8.3	-7.0	-7.2	-7.4	-7.6	-7.4	-8.4	-8.5	-7.0	-7.2	-8.0	-8.1	-8.3	-6.9	-7.9	-7.0	-7.0	-7.6	-8.1	-7.5	-8.3	-7.0	-7.3	-7.1	-6.9	-8.9	-7.8	-8.0	-7.2	-8.3	-8.2	-7.1	-8.9	-11.5	-7.8	-8.3	-7.5	-7.2	-8.4	-9.3	-8.1	-8.6	-7.5	-7.8	-8.1	-7.5	-8.4	-6.7	-7.5	-7.7	-8.8	-9.5	-9.3	-8.7	-8.6	-8.5	-8.3	-8.3	-9.1	-8.6	-7.6	-1.3	-8.4	-7.4	-8.4	-9.0	-8.7	-8.5	-8.5	-8.5	-8.3	-8.0	-8.2	-7.4	-9.1	-8.4	-8.6	-7.8	-8.3	-7.3	-7.2	-7.4	-9.0	-9.4	-9.1	-8.4	-8.3	-8.2	-8.8	-7.7	-7.4	-7.1	-7.5	-7.9	-8.9	-8.3	-8.6	-9.1	-7.2	-9.0	-9.2	-7.8	-7.5	-8.5	-7.4	-10.1	-6.8	-7.4	-7.4	-9.4	-8.6	-9.3	-7.1	-7.5	-7.3	-9.8	-8.2	-9.7	-10.0	-7.9	-8.7	-9.1	-8.7	-8.4	-8.6	-8.6	-8.0	-8.3	-8.7	-8.2	-7.0	-9.0	-7.4	-7.8	-8.6	-8.3	-7.3	-8.5	-7.9	-8.3	-7.6	-9.4	-8.0	-8.0	-8.2	-8.5	-7.6	-7.3	-8.3	-8.0	-7.2	-7.2	-9.3	-7.4	-7.0	-7.2	-7.8	-7.3	-8.7	-7.0	-7.3	-8.4	-6.9	-7.1	-8.3	-6.9	-7.1	-7.0	-7.3	-8.5	-7.4	-8.8	-7.0	-7.0	-8.5	-4.9	-5.5	-5.9	-8.3	-6.6	-6.3	-5.2	-5.6	-5.4	-8.5	-5.4	-5.8	-6.8	-4.4	-6.4	-5.7	-5.4	-6.6	-7.3	-5.1	-5.9	-6.1	-6.0	-5.9	-5.8	-6.3	-6.8	-5.7	-6.1	-4.8	-6.9	-6.0	-6.6	-5.5	-4.6	-5.9	-6.2	-6.5	-6.7	-7.7	-7.1	-5.4	-6.8	-7.3	-5.1	-6.1	-6.0	-6.3	-6.3	-6.4	-9.7	-6.7	-6.7	-9.2	-9.5	-8.5	-8.0	-9.0	-8.8	-7.9	-7.8	-8.7	-8.4	-9.0	-9.7	-8.9	-7.8	-9.1	-7.0	-8.6	-7.1	-8.7	-8.5	-6.9	-7.8	-8.8	-8.0	-8.6	-7.9	-7.9	-8.1	-9.4	-8.4	-7.5	-8.3	-8.7	-8.0	-9.0	-8.3	-8.5	-7.2	-7.9	-8.8	-8.8	-8.1	-8.7	-6.9	-8.0	-7.0	-9.0	-9.3	-8.5	-8.9
5c28_protein_Repair_10	-8.1	-8.1	-9.0	-8.0	-8.7	-8.1	-8.2	-8.3	-8.8	-8.5	-9.6	-8.5	-8.3	-8.5	-8.3	-8.0	-9.3	-8.4	-8.6	-8.9	-8.8	-8.7	-8.6	-8.2	-9.1	-8.4	-7.0	-8.9	-7.6	-8.2	-8.4	-9.2	-8.4	-9.0	-9.1	-8.7	-8.3	-8.8	-8.3	-8.2	-7.3	-7.4	-8.8	-8.4	-8.5	-7.9	-8.6	-8.4	-8.4	-8.1	-8.6	-10.9	-8.2	-8.3	-8.5	-8.3	-8.8	-8.0	-8.5	-8.4	-7.9	-8.3	-8.3	-8.2	-8.5	-8.3	-8.2	-8.2	-7.0	-8.5	-8.0	-8.4	-8.1	-8.5	-7.9	-6.7	-7.2	-7.1	-7.3	-7.3	-8.2	-8.3	-7.0	-7.3	-7.5	-8.1	-8.0	-7.4	-7.9	-6.7	-6.7	-7.4	-7.9	-7.8	-8.4	-7.2	-7.1	-7.0	-6.8	-8.3	-8.5	-8.3	-7.1	-8.3	-8.7	-7.3	-8.5	-11.6	-7.5	-8.3	-7.2	-6.9	-8.2	-9.9	-8.1	-8.7	-7.3	-8.0	-8.3	-7.5	-8.3	-6.8	-6.9	-7.3	-8.4	-9.0	-9.1	-8.7	-8.4	-8.8	-8.2	-8.5	-9.5	-8.5	-7.6	-1.2	-8.2	-7.1	-8.0	-9.6	-8.6	-8.6	-8.4	-8.2	-8.3	-7.9	-8.6	-7.2	-9.1	-8.5	-8.4	-7.8	-8.5	-7.2	-7.1	-7.1	-9.2	-8.7	-9.3	-8.3	-8.4	-8.0	-9.3	-7.4	-7.3	-7.3	-7.1	-7.2	-8.4	-8.3	-8.7	-9.0	-7.0	-9.3	-9.3	-7.0	-7.4	-8.6	-7.1	-10.1	-7.1	-7.4	-7.4	-9.1	-9.1	-9.6	-7.5	-6.7	-7.1	-10.1	-8.2	-9.5	-11.0	-7.7	-8.6	-9.4	-8.7	-8.3	-8.6	-8.3	-7.8	-8.2	-8.3	-8.2	-7.1	-9.5	-7.4	-7.7	-8.2	-8.0	-6.8	-8.8	-8.5	-8.6	-6.9	-9.3	-7.8	-7.3	-7.6	-8.5	-7.5	-7.2	-8.4	-7.9	-7.6	-6.8	-9.1	-7.4	-6.8	-7.3	-7.8	-6.8	-8.5	-7.1	-7.2	-8.2	-6.9	-7.5	-8.3	-7.3	-7.0	-7.5	-7.1	-8.8	-7.5	-10.1	-6.8	-7.5	-8.2	-4.8	-5.7	-5.9	-8.2	-6.8	-6.4	-5.0	-5.6	-5.3	-8.4	-5.4	-5.8	-6.6	-4.2	-6.2	-5.6	-5.3	-6.5	-7.5	-5.0	-5.9	-6.2	-6.1	-5.8	-6.0	-5.9	-6.9	-5.8	-6.1	-4.8	-7.1	-6.0	-6.5	-5.7	-4.4	-5.9	-6.1	-6.5	-6.8	-7.3	-7.1	-5.5	-6.6	-7.2	-5.3	-5.9	-6.2	-6.1	-6.4	-6.3	-9.5	-6.7	-6.5	-9.8	-10.0	-8.6	-9.5	-9.3	-9.5	-7.9	-9.4	-8.8	-8.7	-9.2	-10.1	-8.8	-9.5	-9.2	-7.1	-8.7	-7.2	-8.4	-8.5	-6.9	-8.2	-10.1	-8.2	-8.8	-7.8	-8.0	-8.4	-8.7	-8.5	-7.6	-8.4	-8.5	-7.6	-9.0	-8.2	-8.6	-7.1	-9.2	-9.6	-9.6	-8.4	-8.5	-7.0	-9.1	-7.0	-8.6	-8.5	-8.7	-8.8
5c28_protein_Repair_11	-8.1	-8.2	-9.1	-8.1	-8.4	-8.0	-8.1	-8.1	-8.6	-8.5	-9.0	-8.4	-8.2	-8.2	-8.4	-8.1	-9.1	-8.2	-8.7	-9.1	-8.9	-8.7	-8.7	-7.9	-9.2	-8.3	-7.0	-8.8	-7.6	-8.4	-8.4	-9.1	-8.5	-8.8	-9.3	-8.5	-8.2	-8.5	-8.4	-8.2	-7.4	-7.2	-8.9	-8.4	-8.6	-7.9	-8.5	-8.3	-8.3	-8.1	-8.9	-10.6	-8.3	-8.1	-8.3	-8.1	-8.7	-8.0	-8.4	-8.5	-8.0	-8.3	-8.3	-8.4	-8.6	-8.4	-8.1	-8.2	-6.9	-8.3	-8.0	-8.6	-8.1	-8.3	-7.9	-6.8	-7.5	-7.0	-7.3	-7.4	-8.2	-8.1	-7.4	-7.3	-7.7	-8.0	-8.0	-6.9	-8.0	-6.6	-7.0	-7.4	-8.0	-7.9	-8.2	-6.8	-7.1	-7.2	-6.9	-8.4	-7.9	-8.3	-7.1	-8.3	-8.7	-7.2	-8.8	-11.7	-7.7	-8.1	-7.0	-6.8	-8.4	-9.7	-8.1	-8.7	-7.5	-7.9	-8.4	-7.7	-8.4	-7.0	-7.1	-7.5	-8.5	-8.8	-9.3	-8.7	-8.2	-8.5	-8.2	-9.2	-8.9	-8.5	-7.7	-1.3	-8.1	-7.1	-8.1	-9.0	-8.4	-8.7	-8.5	-8.2	-8.2	-8.1	-8.4	-7.2	-9.0	-8.3	-8.4	-7.8	-8.3	-7.1	-7.8	-7.1	-9.2	-8.8	-9.1	-8.3	-8.2	-8.2	-9.2	-7.6	-7.2	-7.2	-7.1	-7.3	-8.3	-8.3	-8.8	-9.4	-7.2	-9.1	-9.3	-7.1	-7.4	-8.5	-7.2	-10.2	-7.0	-7.7	-7.2	-9.1	-8.5	-9.4	-7.3	-7.0	-7.1	-9.8	-8.3	-9.8	-10.4	-7.6	-8.8	-9.4	-9.0	-8.4	-8.6	-8.4	-8.0	-8.2	-8.3	-8.3	-7.0	-9.4	-7.5	-7.6	-8.3	-8.0	-6.9	-8.6	-8.6	-8.6	-7.2	-9.4	-7.7	-7.4	-7.7	-8.3	-7.5	-7.0	-8.5	-8.0	-7.5	-6.9	-9.3	-7.6	-6.9	-7.3	-7.9	-7.0	-8.3	-7.1	-7.2	-7.9	-7.0	-7.8	-8.5	-7.3	-7.0	-7.1	-7.1	-8.4	-7.5	-8.7	-6.9	-7.6	-8.2	-4.9	-5.7	-5.9	-8.4	-6.8	-6.5	-5.0	-5.6	-5.6	-8.4	-5.6	-5.8	-6.8	-4.2	-6.2	-5.6	-5.3	-6.6	-7.4	-5.1	-5.8	-6.2	-6.1	-5.9	-5.9	-5.8	-6.9	-5.9	-6.1	-4.8	-7.2	-6.1	-6.5	-5.7	-4.4	-5.9	-6.4	-6.5	-6.8	-7.5	-7.0	-5.5	-6.6	-7.3	-5.2	-6.0	-6.1	-6.5	-6.3	-6.4	-9.8	-6.7	-6.5	-9.3	-9.7	-8.8	-9.2	-9.5	-9.6	-8.3	-9.5	-9.0	-8.6	-9.4	-9.8	-8.9	-9.3	-8.7	-7.2	-8.8	-7.2	-8.6	-8.7	-6.9	-8.3	-9.8	-9.6	-8.6	-8.2	-8.0	-8.5	-9.1	-8.3	-7.6	-8.6	-8.7	-8.2	-9.2	-8.4	-8.7	-7.1	-8.2	-9.7	-8.5	-8.3	-8.8	-7.1	-9.0	-7.0	-8.8	-8.8	-8.8	-8.9
5c28_protein_Repair_12	-8.2	-8.3	-8.7	-8.3	-8.8	-8.1	-8.4	-8.4	-8.9	-8.6	-8.9	-8.8	-8.4	-8.6	-8.5	-8.0	-9.3	-8.8	-8.8	-8.8	-8.9	-8.8	-8.8	-8.4	-8.9	-8.7	-7.3	-9.0	-7.0	-8.3	-8.6	-9.3	-8.6	-9.3	-9.1	-8.3	-8.6	-8.9	-8.1	-8.5	-7.3	-7.3	-8.9	-8.5	-8.7	-8.3	-8.8	-8.5	-8.7	-8.3	-9.1	-10.7	-8.5	-8.8	-8.9	-8.5	-8.9	-8.4	-8.8	-8.4	-8.1	-8.6	-8.5	-8.5	-8.8	-8.7	-8.3	-8.3	-7.2	-8.8	-8.1	-8.6	-8.4	-8.8	-8.3	-6.8	-7.2	-7.1	-7.5	-7.3	-7.9	-8.5	-7.5	-7.3	-7.5	-8.1	-8.4	-7.0	-8.1	-6.8	-7.0	-7.4	-8.1	-7.7	-8.1	-6.9	-7.2	-7.1	-6.8	-8.1	-8.0	-8.6	-7.2	-8.5	-8.9	-7.3	-8.6	-11.7	-7.8	-8.4	-7.1	-7.0	-8.5	-9.5	-8.2	-8.9	-7.4	-7.7	-7.6	-7.4	-8.8	-6.7	-7.2	-7.6	-8.6	-9.3	-9.1	-8.3	-8.7	-8.9	-8.4	-9.4	-8.1	-8.6	-7.4	-1.2	-8.3	-7.3	-8.2	-9.7	-8.8	-8.8	-8.4	-8.3	-8.4	-7.9	-8.4	-7.2	-9.3	-8.6	-8.5	-7.9	-8.8	-7.3	-7.3	-7.4	-8.9	-9.1	-8.9	-8.5	-8.5	-8.1	-9.0	-7.7	-7.3	-7.2	-7.6	-7.4	-8.7	-8.6	-8.6	-8.8	-7.2	-9.3	-9.2	-7.4	-7.4	-8.8	-7.1	-10.1	-6.8	-7.7	-7.3	-8.9	-8.3	-9.2	-7.1	-6.9	-7.4	-9.9	-8.3	-9.4	-10.3	-7.6	-8.8	-9.2	-8.6	-8.6	-8.8	-8.1	-7.9	-8.5	-8.1	-8.4	-7.0	-9.5	-7.3	-7.5	-8.1	-8.2	-7.0	-8.9	-8.0	-7.8	-7.1	-9.4	-7.8	-7.3	-7.6	-8.2	-7.4	-7.3	-8.8	-8.1	-7.3	-6.9	-9.0	-7.5	-7.0	-7.0	-7.1	-7.1	-8.7	-7.2	-7.1	-8.4	-6.9	-7.2	-8.4	-7.1	-6.6	-6.9	-7.4	-9.0	-7.7	-9.0	-7.0	-6.9	-8.1	-4.9	-5.6	-5.9	-8.2	-6.7	-6.6	-5.0	-5.5	-5.3	-8.2	-5.3	-5.9	-6.2	-4.2	-6.3	-5.7	-5.3	-6.7	-7.7	-5.0	-6.0	-6.2	-6.2	-5.7	-6.0	-6.0	-6.8	-6.1	-6.1	-4.8	-7.2	-6.1	-6.6	-5.6	-4.5	-5.9	-6.1	-6.6	-6.0	-7.7	-7.1	-5.5	-6.7	-7.2	-5.4	-5.8	-6.1	-5.9	-6.0	-6.0	-9.4	-6.8	-6.3	-9.3	-9.2	-8.3	-8.4	-8.8	-8.9	-8.1	-8.3	-8.6	-8.2	-9.4	-9.8	-8.6	-8.7	-9.0	-6.7	-8.6	-7.1	-8.9	-8.2	-6.8	-8.2	-9.7	-8.1	-9.0	-8.2	-7.4	-8.5	-8.7	-9.1	-8.4	-8.6	-8.8	-8.3	-8.9	-8.5	-8.7	-7.0	-9.1	-9.3	-8.7	-7.7	-8.5	-6.7	-9.1	-7.1	-8.5	-8.5	-8.4	-8.9
5c28_protein_Repair_2	-8.0	-8.0	-9.0	-8.2	-7.9	-7.9	-8.1	-8.1	-8.1	-8.2	-8.8	-8.2	-7.9	-8.2	-8.3	-7.6	-9.3	-8.1	-8.2	-8.8	-8.7	-8.2	-8.6	-7.9	-8.2	-8.0	-7.1	-8.2	-7.0	-7.9	-8.3	-8.7	-8.3	-8.9	-8.8	-8.0	-8.1	-8.0	-8.1	-8.0	-7.5	-7.5	-8.8	-8.2	-8.5	-7.9	-8.3	-8.3	-8.4	-7.8	-8.7	-10.5	-8.0	-8.0	-8.4	-8.0	-8.2	-8.0	-8.7	-8.3	-8.1	-7.9	-8.1	-7.9	-8.6	-8.5	-7.8	-7.9	-6.7	-8.2	-7.7	-8.4	-7.8	-8.4	-7.9	-7.3	-7.0	-7.5	-7.1	-7.5	-7.7	-8.1	-7.2	-7.6	-7.7	-7.7	-7.9	-7.0	-7.9	-6.7	-6.9	-8.0	-8.1	-7.5	-8.3	-6.7	-6.8	-7.2	-6.7	-8.2	-8.4	-7.9	-6.6	-8.1	-8.6	-7.3	-8.6	-11.6	-8.3	-8.1	-7.0	-6.8	-7.9	-9.7	-8.0	-8.2	-7.1	-8.3	-8.2	-7.6	-8.5	-6.5	-7.0	-7.3	-8.3	-8.9	-8.9	-8.0	-8.1	-8.6	-8.4	-8.9	-8.7	-8.2	-7.5	-1.3	-7.8	-7.1	-7.9	-8.7	-8.4	-8.6	-8.3	-7.9	-7.9	-7.7	-8.7	-	-8.7	-8.2	-8.3	-7.6	-8.2	-7.0	-7.4	-6.9	-8.4	-8.5	-9.3	-	-8.4	-7.9	-9.2	-7.1	-7.2	-7.2	-7.1	-7.4	-8.2	-8.0	-8.2	-9.9	-6.8	-9.2	-9.4	-7.2	-7.4	-8.2	-6.8	-10.2	-7.2	-7.6	-7.5	-9.2	-9.0	-9.5	-7.5	-6.7	-7.1	-9.9	-7.9	-9.8	-10.9	-8.1	-8.4	-9.7	-8.6	-8.3	-8.4	-8.1	-7.9	-8.0	-8.2	-8.0	-7.1	-8.8	-7.4	-7.7	-8.0	-7.7	-7.3	-8.1	-8.1	-8.4	-6.8	-9.3	-7.6	-7.2	-7.4	-8.3	-7.2	-6.8	-8.1	-8.1	-7.1	-6.6	-9.1	-7.5	-6.9	-7.4	-7.0	-6.8	-8.0	-7.0	-6.8	-7.9	-6.7	-7.5	-8.3	-7.1	-6.8	-7.5	-6.9	-8.0	-7.3	-10.0	-7.2	-7.3	-8.2	-4.9	-5.3	-5.8	-7.9	-6.3	-6.5	-4.9	-5.5	-5.7	-8.2	-5.5	-5.6	-6.8	-4.1	-5.8	-5.9	-5.0	-6.4	-7.5	-4.9	-6.0	-6.1	-6.0	-6.0	-5.9	-6.3	-6.3	-5.6	-5.7	-4.5	-7.2	-6.0	-6.2	-5.3	-4.4	-5.8	-6.2	-6.5	-6.9	-7.3	-6.9	-5.3	-6.6	-7.3	-5.2	-6.0	-6.2	-6.3	-6.5	-6.2	-9.2	-6.7	-6.6	-8.4	-9.7	-8.7	-8.0	-9.5	-7.9	-8.2	-8.0	-9.1	-8.5	-9.2	-9.6	-8.8	-8.0	-8.7	-7.1	-8.8	-6.8	-8.6	-8.6	-6.8	-8.2	-9.8	-8.3	-8.9	-7.7	-8.1	-8.5	-9.0	-8.3	-7.7	-8.2	-8.6	-8.4	-9.3	-8.3	-8.5	-7.1	-8.0	-9.1	-9.6	-8.3	-8.8	-6.9	-8.4	-6.9	-9.0	-8.9	-8.6	-9.3
5c28_protein_Repair_3	-8.0	-8.4	-8.8	-8.0	-8.8	-7.9	-8.3	-8.3	-8.8	-8.3	-9.6	-8.3	-8.0	-8.3	-8.4	-7.9	-9.3	-8.3	-9.1	-8.9	-8.9	-8.4	-8.6	-7.9	-8.5	-8.4	-6.7	-8.7	-7.1	-8.1	-8.3	-9.2	-8.3	-8.7	-9.3	-8.8	-8.4	-8.2	-8.1	-7.9	-7.2	-7.3	-9.0	-8.4	-8.4	-8.1	-8.2	-8.3	-8.5	-8.2	-8.9	-10.7	-8.2	-8.8	-8.8	-8.0	-8.5	-8.0	-8.7	-8.5	-8.0	-8.2	-8.2	-8.2	-8.9	-8.4	-8.2	-8.1	-7.2	-8.4	-7.8	-8.4	-8.2	-8.8	-8.1	-7.2	-7.3	-6.9	-7.1	-7.2	-7.9	-8.0	-6.8	-7.6	-7.4	-7.9	-8.0	-6.8	-7.8	-6.6	-6.6	-8.0	-8.0	-7.6	-8.0	-6.7	-6.9	-7.3	-6.6	-8.1	-8.2	-8.2	-6.7	-8.2	-8.2	-6.9	-8.7	-11.1	-8.5	-8.3	-7.1	-6.9	-8.1	-9.3	-8.0	-7.8	-7.1	-8.1	-7.6	-7.5	-8.4	-6.8	-6.9	-7.4	-8.3	-8.7	-9.3	-8.8	-8.4	-8.2	-8.1	-9.3	-9.3	-8.3	-7.2	-1.2	-8.2	-6.8	-7.4	-9.6	-8.3	-8.8	-8.5	-8.1	-8.0	-7.9	-8.4	-7.2	-9.2	-8.2	-8.4	-7.8	-8.4	-6.7	-7.3	-7.0	-8.6	-8.2	-8.6	-8.3	-8.8	-8.0	-8.7	-7.8	-7.1	-7.2	-7.1	-7.2	-8.5	-8.1	-8.2	-9.1	-6.7	-9.4	-9.1	-7.1	-7.4	-8.2	-6.9	-9.9	-6.9	-7.7	-7.3	-8.6	-9.3	-8.8	-7.1	-6.8	-7.2	-9.9	-8.1	-9.6	-10.4	-7.5	-8.6	-9.5	-9.0	-8.2	-9.2	-8.1	-7.9	-7.9	-8.6	-8.1	-6.8	-9.0	-7.5	-7.8	-8.2	-7.8	-6.6	-8.8	-8.3	-8.4	-6.9	-9.7	-7.6	-7.2	-7.6	-8.1	-6.9	-6.8	-8.2	-7.8	-7.0	-6.8	-8.8	-7.5	-6.9	-6.6	-6.9	-6.7	-8.5	-6.6	-6.9	-7.9	-6.9	-7.5	-8.3	-7.2	-6.9	-7.1	-6.8	-8.6	-7.3	-8.7	-6.9	-7.1	-8.2	-4.8	-5.5	-6.1	-7.8	-6.7	-6.5	-5.1	-5.8	-5.6	-8.3	-5.4	-5.8	-6.8	-4.2	-5.9	-5.8	-5.3	-6.7	-7.5	-5.3	-6.1	-6.4	-6.0	-6.1	-6.0	-6.1	-6.7	-5.8	-5.9	-4.6	-7.2	-5.9	-6.6	-5.5	-4.4	-5.7	-6.4	-6.5	-6.7	-7.6	-6.9	-5.4	-6.6	-7.2	-5.3	-5.9	-6.2	-6.5	-6.3	-6.3	-9.4	-6.6	-6.5	-8.8	-9.4	-8.8	-8.3	-9.0	-8.5	-7.9	-8.2	-9.0	-8.6	-9.2	-10.0	-8.7	-8.3	-8.3	-7.4	-8.5	-7.4	-8.2	-8.6	-7.2	-7.8	-9.6	-8.5	-8.6	-7.7	-8.2	-8.4	-9.0	-8.4	-7.5	-7.9	-9.0	-8.4	-9.2	-8.7	-8.8	-7.2	-8.5	-9.2	-8.6	-8.2	-8.9	-6.8	-8.6	-7.1	-8.8	-8.8	-8.8	-8.7
5c28_protein_Repair_4	-8.1	-8.0	-9.2	-8.4	-8.6	-7.9	-8.0	-8.2	-8.4	-8.6	-9.1	-8.6	-8.3	-8.2	-8.3	-7.7	-9.2	-8.2	-8.7	-9.1	-8.8	-8.4	-8.8	-8.0	-8.7	-8.8	-7.0	-8.3	-7.3	-8.3	-8.6	-9.1	-8.2	-8.5	-9.4	-8.7	-8.5	-8.7	-8.0	-8.1	-7.1	-7.2	-9.1	-8.3	-8.6	-8.3	-8.8	-8.2	-8.5	-7.8	-9.1	-10.8	-8.6	-8.6	-8.9	-8.1	-8.1	-8.0	-8.6	-8.3	-8.2	-7.9	-8.7	-7.8	-8.8	-8.6	-8.3	-8.6	-7.1	-8.6	-7.9	-8.6	-7.8	-8.9	-8.3	-7.2	-7.5	-7.4	-7.9	-7.1	-8.1	-8.1	-7.3	-7.7	-7.8	-7.9	-8.0	-7.3	-8.0	-6.8	-7.0	-8.1	-8.2	-7.9	-8.5	-7.0	-6.9	-7.7	-7.0	-8.7	-8.6	-7.9	-6.9	-8.7	-8.3	-6.9	-8.7	-11.4	-8.5	-8.2	-7.4	-7.4	-7.8	-9.8	-8.1	-7.7	-7.4	-8.3	-8.2	-7.6	-8.6	-6.6	-7.1	-7.9	-8.2	-8.5	-9.4	-8.5	-8.5	-8.6	-8.0	-9.4	-8.7	-8.6	-7.6	-1.2	-8.3	-7.0	-7.8	-9.1	-8.6	-8.8	-8.3	-8.6	-8.3	-8.6	-8.6	-7.6	-9.1	-8.1	-8.3	-8.1	-8.6	-7.0	-7.7	-7.7	-8.9	-8.8	-9.0	-8.2	-8.9	-8.2	-8.8	-7.0	-7.4	-7.5	-7.7	-7.6	-8.5	-8.2	-8.4	-9.7	-6.9	-9.2	-9.0	-7.6	-8.0	-8.8	-7.3	-10.6	-7.0	-8.1	-7.2	-9.4	-9.3	-9.3	-7.6	-7.3	-7.2	-10.6	-8.4	-9.9	-11.1	-7.6	-8.7	-9.4	-8.8	-8.6	-8.5	-8.0	-7.8	-8.1	-8.5	-8.3	-7.1	-8.5	-7.2	-7.8	-7.9	-7.9	-7.2	-8.4	-8.5	-8.4	-7.3	-9.5	-8.0	-7.7	-7.7	-8.2	-7.3	-7.3	-8.2	-7.9	-7.4	-6.8	-9.3	-7.5	-7.2	-7.4	-7.6	-7.0	-8.8	-6.7	-7.4	-8.0	-6.8	-7.7	-8.9	-7.2	-6.6	-7.2	-7.2	-8.1	-7.2	-10.4	-6.9	-7.3	-8.4	-4.8	-5.8	-6.2	-8.1	-7.0	-6.9	-5.1	-5.8	-5.8	-8.7	-5.6	-6.1	-7.0	-4.2	-6.2	-5.7	-5.2	-6.6	-8.0	-5.0	-6.1	-6.5	-6.1	-5.6	-6.1	-6.2	-6.9	-5.8	-6.1	-4.9	-7.3	-6.1	-6.9	-5.7	-4.7	-6.0	-6.4	-6.7	-6.8	-8.0	-7.3	-5.7	-6.8	-7.4	-5.6	-6.2	-6.5	-6.3	-6.5	-6.1	-10.1	-7.0	-6.6	-9.2	-9.6	-8.9	-9.0	-9.7	-8.3	-8.1	-8.0	-9.0	-8.5	-9.6	-9.9	-8.9	-8.8	-9.1	-7.2	-8.7	-7.2	-8.6	-8.7	-7.1	-8.1	-10.1	-8.2	-8.8	-7.7	-8.2	-8.6	-9.2	-8.6	-8.5	-8.6	-8.9	-8.4	-9.1	-8.8	-8.5	-7.5	-8.1	-9.2	-9.7	-8.5	-8.7	-7.2	-8.2	-7.4	-8.9	-8.8	-9.1	-9.3
5c28_protein_Repair_5	-8.1	-8.2	-8.9	-8.0	-8.8	-7.9	-8.3	-8.3	-8.8	-8.4	-9.5	-8.7	-8.1	-8.5	-8.3	-8.2	-9.2	-8.2	-9.1	-8.9	-8.8	-8.6	-8.7	-8.3	-8.5	-8.6	-7.0	-8.7	-6.8	-8.2	-8.7	-9.3	-8.5	-9.2	-8.9	-8.7	-8.4	-8.3	-8.2	-8.5	-7.2	-7.1	-8.9	-8.3	-8.8	-7.7	-8.7	-8.4	-8.4	-8.3	-8.7	-10.7	-8.4	-8.3	-8.7	-8.4	-8.6	-8.3	-8.5	-8.5	-8.1	-8.3	-8.3	-8.4	-8.6	-8.4	-8.3	-8.3	-7.0	-8.7	-8.1	-8.4	-8.3	-8.2	-7.9	-7.7	-7.1	-6.9	-7.3	-7.2	-5.5	-8.4	-7.1	-7.3	-7.6	-7.9	-8.3	-7.0	-7.9	-6.7	-6.9	-5.5	-8.1	-7.4	-8.5	-6.9	-7.2	-7.0	-6.9	-8.4	-8.6	-8.3	-6.4	-8.3	-8.6	-7.1	-8.9	-10.9	-8.4	-8.3	-7.0	-6.9	-8.4	-10.0	-8.1	-7.7	-7.3	-8.3	-8.1	-7.4	-8.4	-6.9	-7.0	-7.3	-8.5	-9.2	-8.9	-8.7	-8.4	-8.3	-8.2	-9.1	-8.9	-8.4	-0.0	-1.2	-8.3	-7.0	-8.0	-9.5	-8.7	-8.7	-8.5	-8.3	-8.1	-7.8	-8.7	-5.0	-9.3	-8.5	-8.3	-7.8	-8.7	-7.2	-7.2	-7.2	-9.5	-8.8	-9.3	-	-8.2	-7.9	-9.3	-7.6	-7.1	-7.0	-7.6	-7.5	-8.4	-8.7	-8.5	-9.6	-6.9	-9.2	-9.6	-7.0	-7.4	-8.7	-7.0	-10.0	-7.0	-7.6	-7.4	-9.3	-8.4	-9.6	-6.9	-6.9	-7.2	-9.9	-8.2	-9.9	-10.3	-8.2	-8.7	-9.4	-8.7	-8.7	-8.8	-8.2	-7.7	-8.5	-8.4	-8.5	-6.9	-9.5	-7.3	-7.9	-8.3	-8.1	-7.2	-8.7	-5.5	-8.4	-7.1	-9.6	-7.8	-7.4	-7.6	-8.6	-7.2	-7.0	-8.4	-7.9	-7.1	-6.8	-9.4	-7.4	-7.5	-7.0	-7.8	-7.0	-8.5	-7.0	-7.1	-8.2	-6.7	-7.0	-8.3	-7.1	-7.0	-6.9	-7.1	-8.7	-7.6	-8.9	-6.9	-7.4	-8.2	-5.1	-5.7	-5.7	-8.2	-6.8	-6.6	-5.4	-5.6	-5.9	-8.3	-5.4	-5.8	-6.9	-4.1	-6.2	-6.0	-5.3	-6.5	-7.6	-5.2	-5.9	-6.2	-6.3	-5.9	-6.2	-6.0	-6.9	-5.9	-6.0	-4.8	-7.0	-5.9	-6.4	-5.6	-4.5	-5.9	-6.3	-6.5	-6.6	-7.4	-7.0	-5.5	-6.7	-7.2	-5.3	-5.9	-4.2	-6.4	-6.3	-6.2	-9.3	-6.6	-6.4	-8.0	-9.2	-9.0	-8.0	-9.2	-8.2	-8.0	-7.9	-9.1	-8.8	-9.1	-9.8	-8.5	-8.0	-9.1	-6.9	-8.6	-	-8.6	-8.8	-6.9	-8.2	-9.4	-8.3	-8.6	-7.7	-8.2	-8.6	-9.1	-8.3	-8.3	-8.2	-9.2	-7.6	-9.0	-8.2	-8.7	-7.2	-7.9	-9.4	-9.5	-8.1	-8.4	-6.8	-9.4	-7.0	-9.1	-8.9	-9.1	-8.7
5c28_protein_Repair_6	-8.0	-8.3	-8.8	-8.1	-8.9	-8.0	-8.0	-8.1	-8.8	-8.2	-9.5	-8.4	-8.3	-8.2	-8.4	-8.1	-9.0	-8.5	-9.1	-8.7	-8.8	-8.3	-8.7	-8.0	-8.8	-8.5	-7.3	-8.5	-6.9	-8.2	-8.6	-9.3	-8.4	-9.3	-9.4	-8.7	-8.6	-8.7	-8.0	-8.3	-7.2	-7.3	-8.9	-8.4	-8.9	-7.9	-8.9	-8.9	-8.7	-8.1	-8.8	-10.6	-8.6	-8.8	-8.3	-8.0	-8.7	-8.0	-8.6	-8.3	-8.2	-8.3	-8.2	-8.0	-8.9	-8.7	-8.2	-8.1	-7.0	-8.5	-8.0	-8.2	-8.1	-9.0	-7.9	-6.7	-7.1	-7.2	-7.4	-7.2	-7.9	-8.1	-7.0	-7.1	-7.7	-8.0	-8.0	-6.8	-7.7	-6.9	-7.1	-7.4	-8.2	-7.5	-8.5	-6.7	-7.1	-7.1	-6.9	-8.3	-8.7	-8.3	-7.2	-8.2	-8.6	-7.3	-8.7	-11.8	-7.7	-8.1	-7.2	-7.1	-8.0	-10.0	-8.0	-8.8	-7.4	-8.4	-8.0	-7.2	-8.7	-6.6	-7.2	-7.5	-8.4	-9.3	-9.4	-8.7	-8.6	-8.7	-8.2	-8.0	-8.1	-8.2	-7.5	-1.3	-8.2	-7.2	-8.2	-9.5	-8.4	-8.7	-8.3	-8.2	-8.3	-7.9	-8.8	-0.0	-9.3	-8.2	-8.4	-8.0	-8.4	-7.4	-7.2	-7.4	-9.0	-9.0	-9.3	-8.8	-9.0	-8.1	-9.4	-7.7	-7.3	-6.9	-7.5	-7.1	-8.8	-8.4	-8.3	-8.9	-7.0	-9.0	-9.7	-7.5	-7.4	-8.9	-6.9	-10.1	-6.7	-7.6	-7.5	-9.4	-8.8	-9.6	-7.4	-7.3	-6.8	-10.0	-8.2	-9.6	-10.5	-7.5	-8.7	-9.0	-8.5	-8.6	-8.7	-8.0	-7.7	-8.3	-8.3	-8.6	-6.9	-9.1	-7.3	-7.5	-8.2	-7.9	-6.9	-8.8	-8.1	-7.8	-7.5	-9.4	-7.9	-7.3	-7.5	-8.6	-7.2	-7.3	-8.6	-7.9	-7.0	-6.7	-9.1	-7.3	-7.1	-6.9	-7.1	-7.1	-8.5	-7.1	-7.2	-8.0	-7.0	-7.1	-8.4	-6.9	-7.0	-6.8	-7.2	-8.5	-7.7	-9.6	-6.9	-7.4	-8.1	-4.9	-5.6	-6.1	-8.2	-6.7	-6.6	-5.1	-5.5	-5.4	-8.4	-5.1	-5.8	-6.1	-4.4	-6.4	-5.7	-5.3	-6.6	-7.7	-5.2	-6.1	-6.1	-6.0	-5.9	-6.1	-6.0	-6.9	-5.8	-6.2	-4.8	-7.1	-6.0	-6.6	-5.5	-4.6	-5.9	-6.1	-6.7	-6.2	-7.9	-7.2	-5.5	-6.9	-7.0	-5.5	-5.7	-6.4	-5.9	-5.9	-6.2	-9.6	-6.7	-6.4	-9.3	-9.2	-8.3	-7.8	-9.0	-8.4	-8.2	-8.0	-8.8	-8.2	-9.1	-9.5	-8.7	-8.2	-9.0	-6.8	-8.6	-7.1	-8.9	-8.3	-6.6	-8.2	-9.7	-8.2	-8.4	-7.7	-7.9	-8.4	-8.7	-8.5	-7.8	-8.5	-8.8	-7.6	-9.0	-8.2	-8.7	-7.2	-8.1	-9.2	-8.9	-7.8	-8.7	-6.8	-8.4	-6.9	-8.5	-8.5	-9.0	-9.0
5c28_protein_Repair_7	-8.2	-8.3	-9.0	-8.5	-9.0	-8.2	-8.0	-8.2	-9.2	-8.5	-9.6	-9.0	-8.5	-8.5	-8.8	-8.6	-9.6	-8.7	-9.3	-9.2	-9.0	-8.8	-9.1	-8.1	-9.4	-8.6	-6.8	-9.0	-6.7	-8.5	-8.8	-9.5	-8.8	-8.6	-8.9	-8.1	-8.7	-8.7	-8.3	-8.4	-7.2	-7.7	-9.4	-8.3	-9.0	-8.4	-8.4	-8.7	-8.8	-8.4	-8.8	-10.0	-8.7	-9.0	-8.3	-8.2	-9.1	-8.2	-8.9	-8.5	-8.2	-8.6	-8.5	-8.3	-8.7	-8.3	-8.2	-8.2	-7.0	-8.8	-8.4	-8.5	-8.4	-8.3	-8.4	-6.4	-6.9	-6.8	-6.9	-7.2	-	-8.2	-6.7	-7.4	-7.3	-8.2	-8.2	-7.0	-7.7	-6.5	-6.9	-	-8.3	-7.3	-8.0	-7.0	-6.9	-6.9	-6.8	-8.2	-7.6	-8.6	-7.0	-8.6	-8.2	-6.8	-8.2	-11.7	-7.4	-8.2	-6.7	-6.8	-8.3	-8.9	-8.2	-8.2	-7.0	-7.5	-7.9	-6.8	-8.2	-6.5	-6.9	-7.1	-8.8	-8.6	-8.9	-8.1	-8.6	-8.6	-8.5	-9.1	-8.6	-8.5	-	-1.3	-8.2	-6.9	-7.4	-9.7	-9.0	-9.1	-8.6	-8.2	-8.5	-7.6	-8.2	-7.0	-9.5	-8.5	-8.8	-7.6	-8.8	-6.9	-7.2	-6.8	-8.5	-8.7	-8.9	-	-8.3	-8.5	-8.4	-7.3	-6.8	-6.7	-7.4	-7.2	-8.8	-8.4	-8.4	-8.7	-6.9	-9.6	-8.5	-7.3	-7.3	-8.3	-6.7	-10.1	-6.5	-7.5	-7.6	-8.8	-8.2	-8.9	-7.2	-6.9	-7.3	-9.8	-8.5	-9.3	-9.9	-7.6	-8.5	-9.0	-8.6	-8.8	-9.0	-	-8.2	-8.4	-8.7	-8.7	-6.7	-9.4	-7.2	-7.6	-8.3	-8.4	-6.7	-9.2	-8.0	-8.0	-7.4	-9.8	-7.5	-7.0	-7.3	-8.0	-7.1	-6.8	-8.7	-8.3	-7.1	-6.6	-9.4	-7.4	-6.5	-6.6	-7.0	-6.8	-8.3	-6.8	-6.8	-8.1	-6.9	-7.3	-8.0	-6.7	-6.9	-7.0	-6.9	-8.9	-7.2	-9.0	-6.4	-6.5	-7.9	-4.7	-5.4	-5.8	-8.1	-6.4	-6.3	-5.0	-5.4	-5.2	-8.2	-5.1	-6.1	-6.4	-4.1	-6.3	-5.5	-5.1	-6.6	-7.3	-5.0	-5.8	-6.3	-5.8	-5.8	-5.7	-6.2	-6.9	-6.0	-6.5	-4.7	-6.9	-5.8	-6.3	-5.2	-4.4	-6.0	-6.2	-6.4	-6.4	-7.6	-7.0	-5.3	-6.6	-7.3	-5.1	-5.7	-5.9	-6.2	-5.9	-5.9	-9.5	-6.5	-6.4	-8.2	-8.8	-8.0	-7.9	-8.6	-8.5	-8.2	-7.9	-9.0	-7.8	-8.9	-9.6	-8.7	-8.0	-9.3	-6.9	-8.6	-7.2	-8.7	-8.2	-6.8	-8.0	-9.4	-8.2	-8.4	-8.1	-8.2	-8.4	-8.6	-8.6	-7.6	-8.3	-8.5	-7.6	-8.7	-8.1	-8.1	-6.9	-8.0	-8.7	-8.8	-7.9	-8.4	-6.8	-8.2	-7.0	-8.2	-8.2	-8.0	-8.3
5c28_protein_Repair_8	-7.9	-8.2	-8.7	-8.0	-8.7	-7.8	-8.0	-8.0	-8.5	-8.1	-8.8	-8.4	-8.0	-8.2	-8.2	-8.1	-8.9	-8.3	-8.3	-8.7	-8.8	-8.3	-8.6	-7.9	-8.3	-8.6	-7.1	-8.6	-6.9	-8.2	-8.2	-9.0	-8.3	-9.1	-9.2	-8.6	-8.2	-8.3	-8.1	-8.2	-7.1	-7.5	-8.7	-8.3	-8.7	-7.7	-8.8	-8.1	-8.4	-7.9	-8.8	-10.3	-8.4	-8.0	-8.9	-8.0	-7.9	-7.9	-8.4	-8.3	-7.8	-8.2	-8.2	-8.0	-8.3	-8.6	-8.0	-8.1	-7.0	-8.2	-7.9	-8.2	-7.9	-9.0	-7.8	-6.9	-7.2	-7.0	-7.4	-7.1	-8.2	-8.0	-7.5	-7.4	-7.5	-7.8	-7.9	-6.9	-7.9	-6.6	-7.0	-7.4	-7.8	-7.9	-8.4	-6.9	-7.0	-7.3	-6.7	-8.4	-8.6	-8.2	-6.9	-8.2	-8.5	-7.2	-8.5	-11.5	-8.3	-8.0	-7.0	-7.0	-8.1	-10.0	-7.9	-8.6	-7.3	-8.4	-7.9	-7.6	-8.6	-6.6	-7.0	-7.5	-8.4	-9.2	-9.2	-8.6	-8.1	-8.3	-8.1	-7.9	-8.0	-8.1	-7.4	-1.3	-8.0	-7.1	-8.1	-8.7	-8.4	-8.6	-8.3	-8.1	-8.2	-7.8	-8.7	-7.3	-9.1	-8.2	-8.2	-7.9	-8.2	-7.2	-7.1	-7.3	-8.9	-9.0	-9.2	-0.0	-8.9	-8.0	-9.4	-7.4	-7.2	-6.9	-7.2	-7.3	-8.4	-8.3	-8.5	-9.3	-7.1	-9.0	-9.7	-7.4	-7.3	-8.8	-7.2	-10.0	-6.8	-7.5	-7.2	-9.4	-8.5	-9.6	-7.2	-6.9	-7.1	-9.9	-8.2	-9.8	-10.2	-8.1	-8.7	-8.9	-8.7	-8.2	-9.1	-8.1	-7.7	-8.2	-8.3	-8.4	-6.9	-9.1	-7.3	-7.5	-8.1	-7.9	-7.1	-8.5	-8.0	-7.8	-6.9	-9.4	-7.8	-7.4	-7.6	-8.5	-7.4	-7.1	-8.2	-7.8	-7.2	-6.8	-9.1	-7.3	-7.0	-6.9	-7.2	-7.0	-8.6	-7.2	-7.2	-7.9	-6.9	-7.2	-8.3	-7.0	-7.0	-7.2	-7.1	-8.2	-7.4	-9.4	-6.9	-6.9	-8.5	-4.9	-5.7	-5.7	-8.1	-6.9	-6.6	-5.1	-5.4	-5.4	-8.3	-5.7	-5.8	-7.1	-4.2	-6.2	-5.7	-5.3	-6.7	-7.5	-5.0	-6.0	-6.3	-6.3	-5.9	-6.0	-6.2	-6.9	-5.8	-6.0	-5.0	-7.2	-5.9	-6.4	-5.7	-4.5	-5.9	-6.0	-6.6	-6.2	-7.6	-7.0	-5.5	-6.7	-7.0	-5.2	-5.8	-5.9	-6.0	-6.2	-6.1	-9.4	-6.4	-6.5	-9.1	-8.6	-8.3	-8.0	-9.1	-8.1	-8.0	-8.0	-8.9	-8.7	-9.0	-9.6	-8.6	-7.6	-8.8	-6.9	-8.6	-6.9	-8.2	-8.3	-6.8	-8.0	-9.3	-7.9	-8.7	-7.7	-7.9	-8.4	-9.0	-8.2	-7.7	-8.3	-8.9	-8.3	-8.8	-8.8	-8.8	-7.2	-8.9	-9.6	-8.5	-8.1	-8.8	-6.7	-7.9	-6.9	-8.8	-8.7	-8.6	-9.0
5c28_protein_Repair_9	-7.9	-8.1	-8.7	-8.0	-8.2	-8.0	-8.3	-8.2	-8.7	-8.3	-9.7	-8.6	-8.2	-8.5	-8.3	-8.1	-9.3	-8.5	-8.8	-8.9	-8.8	-8.5	-8.6	-8.0	-9.1	-8.4	-6.9	-8.8	-7.4	-8.1	-8.2	-9.0	-8.4	-9.0	-8.8	-8.1	-8.2	-8.2	-8.1	-8.1	-7.2	-7.5	-8.8	-8.3	-8.5	-8.0	-8.7	-8.2	-8.5	-7.9	-8.8	-10.7	-8.1	-8.2	-8.6	-8.1	-8.5	-8.0	-8.5	-8.3	-8.0	-8.3	-8.2	-8.3	-8.7	-8.1	-8.0	-8.1	-6.8	-8.3	-7.9	-8.3	-7.9	-8.6	-8.0	-6.8	-7.1	-6.9	-7.2	-7.2	-8.1	-8.1	-7.0	-7.3	-7.5	-8.0	-8.0	-7.3	-7.9	-6.6	-6.8	-7.5	-8.0	-7.5	-8.2	-6.8	-7.0	-7.1	-6.8	-8.4	-8.5	-8.3	-6.8	-8.2	-8.7	-7.1	-8.5	-11.6	-7.7	-8.2	-7.1	-7.1	-8.3	-9.8	-7.9	-7.7	-7.3	-7.7	-8.2	-7.5	-8.1	-6.5	-7.0	-7.3	-8.4	-8.9	-9.1	-8.4	-8.2	-8.2	-8.1	-8.1	-8.7	-8.3	-7.5	-1.3	-8.0	-7.0	-7.6	-9.7	-8.5	-8.6	-8.3	-8.1	-8.2	-8.0	-8.7	-7.1	-9.0	-8.5	-8.3	-7.7	-8.4	-7.1	-7.1	-7.2	-8.6	-8.9	-9.0	-8.1	-8.5	-8.0	-9.2	-7.5	-7.1	-7.2	-7.1	-7.3	-8.5	-8.3	-8.6	-9.2	-7.1	-9.4	-9.3	-7.2	-7.2	-8.7	-7.1	-10.1	-7.0	-7.4	-7.0	-9.0	-8.4	-9.6	-7.2	-6.8	-7.0	-10.0	-8.1	-9.6	-10.2	-8.2	-8.5	-9.2	-8.8	-8.1	-8.5	-8.1	-7.6	-8.1	-8.3	-8.1	-6.9	-9.1	-7.3	-7.5	-8.1	-7.9	-7.0	-8.3	-8.4	-8.6	-7.1	-9.4	-7.8	-7.3	-7.5	-8.4	-7.4	-6.9	-8.4	-7.8	-7.4	-6.8	-9.3	-7.3	-6.9	-7.2	-7.7	-6.9	-8.4	-7.1	-7.2	-8.0	-6.7	-7.3	-8.4	-7.2	-6.9	-7.4	-7.1	-8.6	-7.4	-9.5	-6.9	-7.4	-8.1	-4.9	-5.7	-5.8	-8.2	-6.9	-6.4	-5.0	-5.5	-5.4	-8.3	-5.4	-5.9	-6.7	-4.1	-6.2	-5.8	-5.3	-6.5	-7.4	-5.1	-5.8	-6.2	-6.2	-5.8	-6.0	-5.9	-6.9	-5.8	-6.0	-5.0	-7.1	-5.9	-6.4	-5.7	-4.4	-5.8	-6.3	-6.6	-6.7	-7.4	-6.9	-5.4	-6.6	-7.1	-5.3	-5.8	-6.2	-6.4	-6.3	-6.3	-9.4	-6.8	-6.5	-9.2	-9.2	-8.5	-8.6	-9.4	-9.3	-8.3	-9.1	-9.0	-8.4	-9.0	-9.7	-8.7	-8.7	-9.2	-7.0	-8.7	-6.8	-8.2	-8.5	-6.8	-8.1	-9.6	-8.8	-8.7	-7.8	-8.2	-8.5	-9.1	-8.4	-8.4	-8.3	-8.9	-8.4	-8.8	-9.0	-8.6	-7.1	-8.8	-9.0	-8.4	-8.1	-8.6	-6.9	-8.2	-6.9	-8.7	-8.7	-8.5	-8.8
5c28_protein_Repair_WT	-7.9	-8.1	-8.7	-7.9	-8.1	-7.9	-8.2	-8.1	-8.3	-8.3	-9.6	-8.3	-8.2	-8.4	-8.3	-8.1	-9.4	-8.2	-8.5	-8.8	-8.8	-8.5	-8.5	-7.9	-9.1	-8.3	-7.0	-8.7	-7.4	-8.1	-8.1	-9.0	-8.4	-9.0	-9.1	-8.5	-8.2	-8.2	-8.1	-8.1	-7.1	-7.4	-8.8	-8.3	-8.5	-8.1	-8.6	-8.1	-8.5	-7.9	-8.8	-10.7	-8.1	-8.2	-8.6	-8.0	-7.9	-7.9	-8.5	-8.3	-8.0	-8.2	-8.2	-8.3	-8.5	-8.5	-8.1	-8.1	-6.9	-8.4	-7.9	-8.3	-7.9	-8.5	-7.9	-6.9	-7.2	-7.0	-7.3	-7.1	-8.0	-8.1	-7.1	-7.3	-7.5	-7.9	-7.9	-7.3	-7.9	-6.6	-6.8	-7.4	-8.0	-7.7	-8.3	-7.0	-6.9	-7.0	-6.8	-8.3	-7.8	-8.2	-6.8	-8.2	-8.8	-7.0	-8.5	-11.5	-7.7	-8.1	-6.9	-6.8	-8.3	-9.8	-7.9	-8.8	-7.3	-7.7	-8.2	-7.4	-8.5	-6.6	-7.0	-7.4	-8.4	-9.0	-9.1	-8.5	-8.2	-8.2	-8.0	-8.5	-9.3	-8.3	-7.3	-1.3	-8.1	-7.2	-8.0	-9.6	-8.3	-8.5	-8.3	-8.1	-8.2	-7.7	-8.3	-7.1	-8.9	-8.4	-8.3	-7.7	-8.3	-7.1	-7.2	-7.2	-8.5	-8.9	-9.2	-8.1	-8.8	-7.9	-9.3	-7.5	-7.1	-7.0	-7.0	-7.3	-8.3	-8.2	-8.5	-9.4	-7.1	-9.4	-9.4	-7.3	-7.2	-8.6	-7.2	-10.0	-6.9	-7.4	-7.5	-9.1	-8.3	-9.6	-7.2	-6.7	-7.0	-9.8	-8.0	-9.8	-10.3	-7.7	-8.6	-9.4	-8.8	-8.1	-8.5	-8.1	-7.7	-8.1	-8.4	-8.1	-6.9	-9.1	-7.4	-7.3	-8.1	-7.8	-7.1	-8.3	-8.3	-7.9	-7.1	-9.4	-7.8	-7.3	-7.5	-8.4	-7.4	-7.0	-8.3	-7.8	-7.4	-6.7	-9.2	-7.4	-6.9	-7.2	-7.7	-7.0	-8.4	-7.2	-7.2	-7.9	-6.7	-7.4	-8.1	-7.2	-6.9	-6.9	-7.1	-8.4	-7.5	-9.5	-6.9	-7.4	-8.1	-5.0	-5.7	-5.7	-8.2	-6.8	-6.4	-5.1	-5.6	-5.3	-8.2	-5.4	-5.8	-6.8	-4.1	-6.2	-5.6	-5.2	-6.7	-7.3	-5.3	-5.9	-6.3	-6.1	-5.8	-5.9	-5.9	-6.9	-5.8	-6.0	-5.0	-7.1	-5.9	-6.4	-5.7	-4.4	-5.8	-6.4	-6.5	-6.7	-7.2	-6.8	-5.7	-6.6	-7.1	-5.3	-5.8	-6.2	-6.6	-6.3	-6.3	-9.5	-6.6	-6.5	-8.0	-9.4	-9.0	-7.7	-9.4	-8.7	-8.1	-7.8	-9.1	-8.8	-9.0	-9.8	-8.7	-7.9	-9.2	-7.1	-8.7	-7.0	-8.5	-8.8	-6.9	-8.1	-9.6	-8.0	-8.6	-7.7	-8.2	-8.6	-9.3	-8.3	-8.4	-8.4	-9.0	-8.5	-9.0	-8.4	-8.6	-7.1	-8.0	-9.4	-9.7	-8.2	-8.6	-6.8	-8.2	-6.9	-9.0	-8.9	-8.9	-8.9
