Varaint	1bzc_ligand_similar_1	1bzc_ligand_similar_10	1bzc_ligand_similar_100	1bzc_ligand_similar_101	1bzc_ligand_similar_102	1bzc_ligand_similar_103	1bzc_ligand_similar_104	1bzc_ligand_similar_105	1bzc_ligand_similar_106	1bzc_ligand_similar_107	1bzc_ligand_similar_108	1bzc_ligand_similar_109	1bzc_ligand_similar_110	1bzc_ligand_similar_111	1bzc_ligand_similar_112	1bzc_ligand_similar_113	1bzc_ligand_similar_114	1bzc_ligand_similar_115	1bzc_ligand_similar_116	1bzc_ligand_similar_117	1bzc_ligand_similar_118	1bzc_ligand_similar_119	1bzc_ligand_similar_12	1bzc_ligand_similar_120	1bzc_ligand_similar_121	1bzc_ligand_similar_122	1bzc_ligand_similar_123	1bzc_ligand_similar_124	1bzc_ligand_similar_125	1bzc_ligand_similar_126	1bzc_ligand_similar_127	1bzc_ligand_similar_128	1bzc_ligand_similar_129	1bzc_ligand_similar_13	1bzc_ligand_similar_130	1bzc_ligand_similar_131	1bzc_ligand_similar_132	1bzc_ligand_similar_133	1bzc_ligand_similar_134	1bzc_ligand_similar_135	1bzc_ligand_similar_136	1bzc_ligand_similar_137	1bzc_ligand_similar_138	1bzc_ligand_similar_139	1bzc_ligand_similar_14	1bzc_ligand_similar_140	1bzc_ligand_similar_141	1bzc_ligand_similar_142	1bzc_ligand_similar_143	1bzc_ligand_similar_144	1bzc_ligand_similar_145	1bzc_ligand_similar_146	1bzc_ligand_similar_147	1bzc_ligand_similar_148	1bzc_ligand_similar_149	1bzc_ligand_similar_15	1bzc_ligand_similar_150	1bzc_ligand_similar_151	1bzc_ligand_similar_152	1bzc_ligand_similar_153	1bzc_ligand_similar_154	1bzc_ligand_similar_155	1bzc_ligand_similar_156	1bzc_ligand_similar_157	1bzc_ligand_similar_158	1bzc_ligand_similar_159	1bzc_ligand_similar_16	1bzc_ligand_similar_160	1bzc_ligand_similar_161	1bzc_ligand_similar_162	1bzc_ligand_similar_163	1bzc_ligand_similar_164	1bzc_ligand_similar_165	1bzc_ligand_similar_166	1bzc_ligand_similar_167	1bzc_ligand_similar_168	1bzc_ligand_similar_169	1bzc_ligand_similar_17	1bzc_ligand_similar_170	1bzc_ligand_similar_171	1bzc_ligand_similar_172	1bzc_ligand_similar_173	1bzc_ligand_similar_174	1bzc_ligand_similar_175	1bzc_ligand_similar_176	1bzc_ligand_similar_177	1bzc_ligand_similar_178	1bzc_ligand_similar_179	1bzc_ligand_similar_18	1bzc_ligand_similar_180	1bzc_ligand_similar_181	1bzc_ligand_similar_182	1bzc_ligand_similar_183	1bzc_ligand_similar_184	1bzc_ligand_similar_185	1bzc_ligand_similar_186	1bzc_ligand_similar_187	1bzc_ligand_similar_188	1bzc_ligand_similar_189	1bzc_ligand_similar_19	1bzc_ligand_similar_190	1bzc_ligand_similar_191	1bzc_ligand_similar_192	1bzc_ligand_similar_193	1bzc_ligand_similar_194	1bzc_ligand_similar_195	1bzc_ligand_similar_196	1bzc_ligand_similar_198	1bzc_ligand_similar_199	1bzc_ligand_similar_2	1bzc_ligand_similar_20	1bzc_ligand_similar_200	1bzc_ligand_similar_201	1bzc_ligand_similar_202	1bzc_ligand_similar_203	1bzc_ligand_similar_204	1bzc_ligand_similar_205	1bzc_ligand_similar_206	1bzc_ligand_similar_207	1bzc_ligand_similar_208	1bzc_ligand_similar_209	1bzc_ligand_similar_21	1bzc_ligand_similar_210	1bzc_ligand_similar_211	1bzc_ligand_similar_212	1bzc_ligand_similar_213	1bzc_ligand_similar_214	1bzc_ligand_similar_215	1bzc_ligand_similar_216	1bzc_ligand_similar_217	1bzc_ligand_similar_218	1bzc_ligand_similar_219	1bzc_ligand_similar_22	1bzc_ligand_similar_220	1bzc_ligand_similar_221	1bzc_ligand_similar_222	1bzc_ligand_similar_223	1bzc_ligand_similar_224	1bzc_ligand_similar_225	1bzc_ligand_similar_227	1bzc_ligand_similar_228	1bzc_ligand_similar_229	1bzc_ligand_similar_23	1bzc_ligand_similar_230	1bzc_ligand_similar_231	1bzc_ligand_similar_232	1bzc_ligand_similar_233	1bzc_ligand_similar_24	1bzc_ligand_similar_25	1bzc_ligand_similar_26	1bzc_ligand_similar_27	1bzc_ligand_similar_28	1bzc_ligand_similar_29	1bzc_ligand_similar_3	1bzc_ligand_similar_30	1bzc_ligand_similar_31	1bzc_ligand_similar_32	1bzc_ligand_similar_33	1bzc_ligand_similar_34	1bzc_ligand_similar_35	1bzc_ligand_similar_36	1bzc_ligand_similar_37	1bzc_ligand_similar_38	1bzc_ligand_similar_39	1bzc_ligand_similar_4	1bzc_ligand_similar_40	1bzc_ligand_similar_41	1bzc_ligand_similar_42	1bzc_ligand_similar_43	1bzc_ligand_similar_44	1bzc_ligand_similar_45	1bzc_ligand_similar_46	1bzc_ligand_similar_47	1bzc_ligand_similar_48	1bzc_ligand_similar_49	1bzc_ligand_similar_5	1bzc_ligand_similar_50	1bzc_ligand_similar_51	1bzc_ligand_similar_52	1bzc_ligand_similar_53	1bzc_ligand_similar_54	1bzc_ligand_similar_55	1bzc_ligand_similar_56	1bzc_ligand_similar_57	1bzc_ligand_similar_58	1bzc_ligand_similar_59	1bzc_ligand_similar_6	1bzc_ligand_similar_61	1bzc_ligand_similar_62	1bzc_ligand_similar_63	1bzc_ligand_similar_64	1bzc_ligand_similar_65	1bzc_ligand_similar_66	1bzc_ligand_similar_67	1bzc_ligand_similar_68	1bzc_ligand_similar_69	1bzc_ligand_similar_7	1bzc_ligand_similar_70	1bzc_ligand_similar_71	1bzc_ligand_similar_72	1bzc_ligand_similar_73	1bzc_ligand_similar_74	1bzc_ligand_similar_75	1bzc_ligand_similar_76	1bzc_ligand_similar_77	1bzc_ligand_similar_78	1bzc_ligand_similar_79	1bzc_ligand_similar_8	1bzc_ligand_similar_80	1bzc_ligand_similar_82	1bzc_ligand_similar_83	1bzc_ligand_similar_84	1bzc_ligand_similar_85	1bzc_ligand_similar_86	1bzc_ligand_similar_87	1bzc_ligand_similar_88	1bzc_ligand_similar_89	1bzc_ligand_similar_9	1bzc_ligand_similar_90	1bzc_ligand_similar_91	1bzc_ligand_similar_92	1bzc_ligand_similar_93	1bzc_ligand_similar_94	1bzc_ligand_similar_95	1bzc_ligand_similar_96	1bzc_ligand_similar_97	1bzc_ligand_similar_98	1bzc_ligand_similar_99	2hb1_ligand_similar_1	2hb1_ligand_similar_10	2hb1_ligand_similar_11	2hb1_ligand_similar_12	2hb1_ligand_similar_2	2hb1_ligand_similar_3	2hb1_ligand_similar_4	2hb1_ligand_similar_5	2hb1_ligand_similar_6	2hb1_ligand_similar_7	2hb1_ligand_similar_8	2hb1_ligand_similar_9	2qbp_ligand_similar_1	2qbp_ligand_similar_10	2qbp_ligand_similar_11	2qbp_ligand_similar_12	2qbp_ligand_similar_13	2qbp_ligand_similar_14	2qbp_ligand_similar_15	2qbp_ligand_similar_16	2qbp_ligand_similar_17	2qbp_ligand_similar_18	2qbp_ligand_similar_19	2qbp_ligand_similar_2	2qbp_ligand_similar_20	2qbp_ligand_similar_21	2qbp_ligand_similar_22	2qbp_ligand_similar_23	2qbp_ligand_similar_24	2qbp_ligand_similar_25	2qbp_ligand_similar_26	2qbp_ligand_similar_27	2qbp_ligand_similar_28	2qbp_ligand_similar_29	2qbp_ligand_similar_3	2qbp_ligand_similar_30	2qbp_ligand_similar_31	2qbp_ligand_similar_32	2qbp_ligand_similar_33	2qbp_ligand_similar_34	2qbp_ligand_similar_35	2qbp_ligand_similar_36	2qbp_ligand_similar_37	2qbp_ligand_similar_38	2qbp_ligand_similar_39	2qbp_ligand_similar_4	2qbp_ligand_similar_40	2qbp_ligand_similar_41	2qbp_ligand_similar_42	2qbp_ligand_similar_43	2qbp_ligand_similar_44	2qbp_ligand_similar_45	2qbp_ligand_similar_46	2qbp_ligand_similar_47	2qbp_ligand_similar_48	2qbp_ligand_similar_5	2qbp_ligand_similar_6	2qbp_ligand_similar_7	2qbp_ligand_similar_8	2qbp_ligand_similar_9	2qbq_ligand_similar_1	2qbq_ligand_similar_10	2qbq_ligand_similar_11	2qbq_ligand_similar_12	2qbq_ligand_similar_13	2qbq_ligand_similar_14	2qbq_ligand_similar_15	2qbq_ligand_similar_16	2qbq_ligand_similar_17	2qbq_ligand_similar_18	2qbq_ligand_similar_19	2qbq_ligand_similar_2	2qbq_ligand_similar_20	2qbq_ligand_similar_21	2qbq_ligand_similar_22	2qbq_ligand_similar_23	2qbq_ligand_similar_24	2qbq_ligand_similar_25	2qbq_ligand_similar_26	2qbq_ligand_similar_27	2qbq_ligand_similar_28	2qbq_ligand_similar_29	2qbq_ligand_similar_3	2qbq_ligand_similar_30	2qbq_ligand_similar_31	2qbq_ligand_similar_32	2qbq_ligand_similar_33	2qbq_ligand_similar_34	2qbq_ligand_similar_35	2qbq_ligand_similar_36	2qbq_ligand_similar_37	2qbq_ligand_similar_38	2qbq_ligand_similar_39	2qbq_ligand_similar_4	2qbq_ligand_similar_40	2qbq_ligand_similar_41	2qbq_ligand_similar_42	2qbq_ligand_similar_43	2qbq_ligand_similar_44	2qbq_ligand_similar_45	2qbq_ligand_similar_46	2qbq_ligand_similar_47	2qbq_ligand_similar_48	2qbq_ligand_similar_49	2qbq_ligand_similar_5	2qbq_ligand_similar_50	2qbq_ligand_similar_51	2qbq_ligand_similar_52	2qbq_ligand_similar_53	2qbq_ligand_similar_54	2qbq_ligand_similar_55	2qbq_ligand_similar_56	2qbq_ligand_similar_57	2qbq_ligand_similar_58	2qbq_ligand_similar_59	2qbq_ligand_similar_6	2qbq_ligand_similar_60	2qbq_ligand_similar_61	2qbq_ligand_similar_62	2qbq_ligand_similar_63	2qbq_ligand_similar_64	2qbq_ligand_similar_65	2qbq_ligand_similar_66	2qbq_ligand_similar_7	2qbq_ligand_similar_8	2qbq_ligand_similar_9	2qbr_ligand_similar_1	2qbr_ligand_similar_10	2qbr_ligand_similar_11	2qbr_ligand_similar_12	2qbr_ligand_similar_13	2qbr_ligand_similar_14	2qbr_ligand_similar_15	2qbr_ligand_similar_16	2qbr_ligand_similar_17	2qbr_ligand_similar_18	2qbr_ligand_similar_19	2qbr_ligand_similar_2	2qbr_ligand_similar_20	2qbr_ligand_similar_21	2qbr_ligand_similar_22	2qbr_ligand_similar_23	2qbr_ligand_similar_24	2qbr_ligand_similar_25	2qbr_ligand_similar_26	2qbr_ligand_similar_27	2qbr_ligand_similar_28	2qbr_ligand_similar_29	2qbr_ligand_similar_3	2qbr_ligand_similar_30	2qbr_ligand_similar_31	2qbr_ligand_similar_32	2qbr_ligand_similar_33	2qbr_ligand_similar_34	2qbr_ligand_similar_35	2qbr_ligand_similar_36	2qbr_ligand_similar_37	2qbr_ligand_similar_38	2qbr_ligand_similar_39	2qbr_ligand_similar_4	2qbr_ligand_similar_40	2qbr_ligand_similar_41	2qbr_ligand_similar_42	2qbr_ligand_similar_43	2qbr_ligand_similar_44	2qbr_ligand_similar_45	2qbr_ligand_similar_46	2qbr_ligand_similar_47	2qbr_ligand_similar_48	2qbr_ligand_similar_49	2qbr_ligand_similar_5	2qbr_ligand_similar_50	2qbr_ligand_similar_51	2qbr_ligand_similar_52	2qbr_ligand_similar_53	2qbr_ligand_similar_54	2qbr_ligand_similar_55	2qbr_ligand_similar_56	2qbr_ligand_similar_57	2qbr_ligand_similar_58	2qbr_ligand_similar_59	2qbr_ligand_similar_6	2qbr_ligand_similar_60	2qbr_ligand_similar_61	2qbr_ligand_similar_62	2qbr_ligand_similar_63	2qbr_ligand_similar_64	2qbr_ligand_similar_65	2qbr_ligand_similar_7	2qbr_ligand_similar_8	2qbr_ligand_similar_9
2hb1_protein_Repair_1	-6.8	-6.6	-6.0	-5.7	-6.4	-5.7	-5.5	-6.1	-6.2	-6.9	-5.6	-6.5	-7.7	-7.5	-6.6	-8.0	-5.7	-7.0	-6.7	-5.5	-5.6	-5.7	-5.8	-5.4	-6.1	-7.0	-6.7	-7.2	-7.3	-6.5	-5.4	-5.4	-5.1	-5.5	-6.7	-5.4	-5.3	-6.1	-6.0	-6.1	-6.0	-5.5	-5.7	-6.6	-6.1	-7.0	-6.9	-5.5	-5.5	-5.4	-5.5	-6.4	-6.0	-6.3	-5.9	-5.9	-6.3	-6.0	-6.0	-6.0	-6.5	-7.6	-6.2	-7.2	-6.4	-7.1	-6.1	-5.5	-5.8	-6.3	-5.7	-5.9	-6.4	-5.6	-5.5	-6.2	-5.1	-6.6	-5.5	-5.9	-5.8	-5.7	-6.2	-5.8	-5.8	-5.2	-5.7	-7.0	-5.6	-6.4	-6.0	-5.7	-6.3	-5.8	-6.2	-5.6	-7.4	-7.9	-6.5	-5.8	-6.5	-7.8	-6.3	-6.5	-7.2	-5.6	-5.9	-5.3	-6.5	-5.6	-6.4	-5.8	-5.8	-6.0	-6.7	-5.3	-6.5	-6.5	-6.5	-6.0	-7.2	-5.8	-6.1	-6.5	-5.8	-6.0	-6.3	-7.0	-5.3	-6.8	-6.8	-6.4	-6.3	-6.1	-6.2	-5.3	-5.4	-5.9	-5.5	-6.4	-7.9	-7.7	-6.2	-7.2	-6.9	-6.6	-5.9	-6.3	-6.1	-1.3	-6.3	-6.1	-5.8	-7.3	-5.9	-7.5	-6.9	-6.8	-4.8	-6.0	-6.8	-7.3	-5.1	-5.7	-5.1	-6.1	-6.4	-6.6	-7.9	-6.4	-5.7	-5.6	-6.2	-6.0	-5.8	-5.0	-6.0	-5.5	-5.5	-6.1	-5.4	-6.6	-7.4	-6.2	-5.3	-6.0	-5.7	-5.6	-5.9	-6.2	-5.1	-5.7	-6.1	-5.9	-5.6	-6.6	-5.5	-6.5	-5.8	-6.3	-6.0	-5.9	-5.2	-5.2	-6.6	-5.4	-6.7	-6.7	-6.3	-6.5	-5.9	-7.7	-7.7	-6.0	-5.8	-5.6	-5.9	-6.8	-5.8	-5.8	-5.7	-6.7	-6.0	-6.9	-5.9	-5.9	-6.0	-6.8	-4.8	-5.0	-4.7	-4.8	-4.7	-4.6	-4.8	-5.1	-4.6	-4.7	-4.3	-4.4	-7.3	-7.3	-7.1	-6.7	-7.1	-7.5	-7.1	-7.3	-7.4	-6.4	-6.8	-7.4	-7.1	-7.5	-6.5	-6.7	-6.7	-7.4	-6.8	-6.9	-6.8	-7.4	-7.7	-6.4	-6.1	-7.4	-6.9	-7.3	-7.1	-6.9	-7.1	-6.9	-7.2	-7.6	-6.5	-5.4	-6.3	-5.9	-5.6	-6.1	-6.2	-6.3	-6.1	-7.6	-7.3	-7.5	-7.2	-6.9	-6.6	-6.9	-6.7	-6.9	-6.7	-7.4	-7.0	-7.5	-7.4	-6.9	-5.4	-6.9	-7.2	-7.1	-7.3	-6.5	-7.5	-7.1	-5.9	-7.1	-5.6	-6.3	-6.8	-7.3	-6.1	-7.3	-7.1	-7.3	-8.0	-7.5	-5.4	-7.7	-6.2	-6.9	-6.4	-7.2	-7.5	-7.3	-5.3	-5.9	-7.1	-5.8	-6.2	-7.1	-6.5	-5.4	-5.9	-5.3	-5.4	-6.4	-7.3	-5.4	-7.8	-7.1	-6.2	-6.8	-7.9	-7.1	-6.7	-5.3	-6.0	-7.8	-7.4	-6.4	-6.4	-6.1	-6.9	-6.9	-6.8	-6.4	-6.4	-5.6	-6.1	-5.9	-6.3	-5.7	-6.9	-6.9	-6.4	-6.9	-5.2	-6.2	-6.8	-6.4	-7.3	-6.6	-5.9	-5.8	-6.1	-5.7	-5.3	-5.9	-6.2	-5.4	-7.5	-7.4	-5.6	-7.0	-6.6	-6.4	-7.2	-7.3	-6.0	-7.3	-7.3	-5.3	-7.2	-6.7	-7.5	-7.4	-6.3	-7.6	-7.1	-7.5	-7.5	-7.9	-7.2	-7.2	-7.3	-7.2	-7.5	-6.4	-5.8	-6.8	-7.7	-6.4	-6.9	-7.1	-5.4	-6.7	-6.7
2hb1_protein_Repair_10	-6.4	-6.0	-5.1	-5.9	-6.3	-5.3	-5.6	-5.3	-6.3	-7.0	-5.2	-6.3	-7.5	-7.1	-5.5	-7.0	-5.8	-6.1	-6.2	-5.5	-5.2	-5.2	-5.9	-5.2	-6.9	-7.4	-6.0	-6.1	-6.9	-6.4	-5.1	-5.0	-5.0	-5.1	-5.5	-5.2	-5.6	-6.0	-5.8	-6.1	-5.3	-6.2	-6.2	-6.3	-6.5	-6.7	-6.4	-5.2	-5.7	-5.6	-5.7	-5.9	-6.1	-5.9	-5.3	-6.3	-6.2	-5.5	-7.1	-6.9	-6.2	-6.8	-5.7	-6.8	-6.5	-6.7	-5.9	-6.1	-5.7	-5.7	-5.3	-6.4	-6.4	-6.0	-5.2	-6.0	-4.8	-6.7	-6.1	-5.8	-5.9	-5.4	-6.0	-6.1	-5.6	-5.2	-6.2	-7.0	-5.1	-6.1	-5.9	-5.1	-7.3	-5.7	-5.9	-5.4	-7.0	-7.0	-5.4	-5.5	-7.0	-6.8	-5.7	-6.5	-6.5	-5.5	-5.6	-5.3	-6.7	-5.3	-5.5	-6.2	-6.2	-6.1	-6.5	-5.3	-5.9	-6.0	-5.6	-5.2	-5.8	-5.3	-6.9	-5.5	-6.4	-5.2	-6.1	-6.8	-5.2	-6.4	-6.4	-5.9	-5.7	-6.3	-6.3	-5.1	-5.2	-5.7	-5.5	-5.4	-7.4	-7.3	-6.1	-6.9	-6.4	-6.4	-5.2	-6.2	-5.3	-1.3	-6.0	-5.4	-5.7	-6.5	-5.8	-7.1	-7.1	-5.9	-4.6	-5.4	-7.4	-7.1	-4.8	-5.6	-5.1	-6.0	-5.9	-6.2	-7.1	-5.7	-5.7	-5.7	-5.3	-5.3	-5.2	-4.9	-5.3	-5.2	-5.5	-5.6	-4.9	-6.6	-7.2	-6.0	-5.7	-5.2	-5.6	-5.4	-5.5	-5.9	-5.3	-5.3	-6.2	-5.3	-5.8	-5.5	-5.5	-5.6	-5.8	-5.0	-5.8	-5.2	-5.0	-5.3	-5.7	-5.7	-5.7	-6.4	-6.4	-6.3	-5.1	-7.9	-7.6	-6.0	-5.8	-5.3	-6.0	-5.9	-5.7	-5.7	-4.8	-6.8	-6.1	-6.0	-5.5	-6.0	-6.5	-6.5	-4.9	-5.1	-4.6	-5.2	-4.9	-4.8	-4.9	-5.3	-4.4	-4.8	-4.0	-4.5	-7.0	-6.9	-6.6	-6.8	-6.5	-6.9	-7.1	-6.6	-7.2	-5.9	-6.4	-6.8	-6.5	-7.1	-6.2	-6.4	-6.5	-7.0	-6.1	-6.7	-6.5	-7.3	-6.8	-6.0	-5.8	-6.9	-6.5	-7.3	-7.4	-6.7	-7.3	-6.6	-7.0	-7.0	-6.1	-6.2	-6.1	-5.6	-5.4	-6.2	-5.9	-6.7	-6.4	-6.9	-6.7	-6.2	-6.5	-6.8	-6.1	-6.5	-6.4	-6.5	-6.8	-6.8	-6.6	-7.5	-6.8	-8.1	-5.9	-6.8	-6.7	-7.2	-7.2	-6.7	-7.2	-7.1	-5.6	-7.2	-5.4	-5.9	-6.4	-7.0	-6.2	-6.9	-6.7	-7.0	-7.2	-7.0	-5.2	-7.0	-6.7	-6.5	-6.4	-6.5	-7.0	-7.2	-5.2	-6.0	-6.4	-6.1	-6.2	-6.7	-6.2	-5.2	-5.8	-5.4	-5.3	-6.9	-7.2	-5.5	-6.3	-7.1	-6.0	-6.7	-7.3	-6.3	-6.4	-5.3	-6.3	-7.1	-7.3	-5.9	-6.0	-5.8	-6.5	-6.8	-6.5	-6.0	-6.0	-5.4	-6.2	-5.6	-6.1	-6.1	-6.4	-6.6	-7.0	-6.8	-5.2	-6.2	-6.7	-6.5	-7.2	-6.2	-6.0	-6.1	-5.8	-5.2	-6.1	-5.8	-6.0	-5.3	-6.9	-7.0	-6.2	-6.9	-6.6	-6.7	-7.2	-7.1	-6.4	-7.1	-7.4	-5.3	-7.2	-6.6	-6.8	-6.3	-6.3	-6.8	-6.3	-7.0	-6.3	-7.2	-6.6	-7.0	-7.1	-6.7	-7.5	-6.2	-6.5	-6.7	-7.1	-6.5	-6.9	-7.2	-5.4	-6.4	-6.0
2hb1_protein_Repair_11	-6.7	-7.5	-5.8	-6.3	-7.1	-5.5	-5.4	-6.2	-6.3	-7.9	-6.1	-7.4	-7.4	-7.9	-6.3	-8.1	-5.6	-6.2	-6.7	-5.7	-5.7	-5.8	-5.6	-6.1	-6.7	-7.4	-6.5	-6.6	-7.4	-7.4	-5.3	-5.2	-5.2	-5.5	-7.2	-5.8	-5.5	-6.4	-6.6	-6.0	-6.1	-6.4	-6.1	-6.4	-7.1	-6.5	-6.5	-5.6	-5.5	-5.9	-6.2	-6.1	-6.9	-6.1	-5.9	-6.0	-6.8	-6.0	-7.7	-6.5	-7.2	-7.2	-5.6	-7.3	-6.9	-6.5	-6.1	-6.0	-6.1	-6.4	-5.5	-5.8	-6.8	-6.3	-5.7	-6.6	-5.3	-6.8	-6.4	-6.3	-6.2	-6.2	-6.6	-6.6	-6.2	-6.0	-6.1	-7.2	-5.9	-6.4	-6.4	-6.1	-7.3	-6.0	-6.3	-5.4	-7.1	-7.0	-6.2	-5.7	-6.8	-7.6	-6.1	-6.5	-6.8	-5.5	-6.2	-6.2	-6.7	-5.7	-5.8	-6.2	-6.2	-6.4	-7.1	-5.9	-6.4	-6.6	-5.5	-6.1	-6.6	-6.3	-7.3	-5.5	-5.7	-6.2	-7.3	-7.2	-5.7	-7.0	-6.6	-6.6	-6.6	-6.8	-6.5	-5.5	-5.9	-6.5	-5.7	-6.2	-8.3	-7.7	-5.9	-7.4	-7.1	-8.4	-5.8	-6.3	-5.3	-1.3	-6.3	-5.6	-6.4	-6.2	-6.6	-8.1	-7.1	-6.3	-5.4	-5.7	-6.9	-7.1	-5.3	-5.7	-5.2	-6.8	-6.9	-7.0	-8.3	-6.3	-5.9	-5.8	-5.9	-6.1	-6.0	-5.3	-6.1	-5.9	-5.9	-7.0	-5.0	-7.5	-8.3	-6.1	-5.7	-5.8	-6.7	-5.9	-6.1	-6.5	-5.8	-5.9	-7.0	-6.2	-6.4	-6.6	-6.7	-5.9	-6.4	-6.2	-6.0	-6.1	-6.0	-5.5	-6.3	-5.7	-7.4	-6.7	-6.4	-7.4	-6.1	-7.9	-7.9	-6.5	-5.9	-6.2	-6.3	-6.7	-5.9	-6.1	-6.3	-7.5	-6.0	-7.0	-6.0	-6.5	-6.3	-7.1	-4.5	-4.8	-4.4	-5.2	-4.8	-5.0	-5.1	-5.4	-4.5	-5.0	-4.3	-4.2	-7.5	-7.0	-6.9	-6.9	-7.6	-6.5	-7.5	-7.7	-7.3	-6.4	-6.6	-7.2	-7.8	-7.3	-6.3	-6.8	-6.7	-7.2	-6.9	-7.1	-7.0	-8.0	-7.3	-6.4	-6.0	-7.3	-7.0	-6.7	-7.3	-7.1	-6.9	-7.1	-6.9	-7.3	-5.7	-5.6	-6.3	-5.9	-5.4	-5.9	-5.9	-6.7	-6.2	-7.5	-7.0	-7.1	-7.4	-7.1	-6.8	-6.8	-6.8	-7.0	-6.8	-7.0	-7.1	-8.0	-6.9	-6.4	-5.2	-7.2	-7.4	-7.2	-7.5	-6.1	-8.0	-7.3	-5.9	-7.4	-6.0	-6.4	-6.8	-7.5	-5.9	-7.3	-7.3	-7.2	-8.2	-7.7	-5.6	-7.6	-6.7	-7.0	-6.3	-7.0	-7.3	-7.4	-5.2	-5.6	-7.3	-5.6	-6.4	-7.0	-6.4	-5.4	-5.7	-5.4	-5.4	-6.4	-7.5	-5.4	-7.6	-7.0	-6.1	-6.9	-7.5	-7.2	-6.8	-5.4	-6.7	-7.4	-7.5	-6.2	-6.4	-6.1	-7.0	-7.1	-7.0	-6.4	-6.3	-6.0	-5.9	-5.9	-6.3	-5.8	-6.8	-7.1	-6.4	-7.1	-5.2	-6.4	-7.1	-5.9	-8.0	-6.8	-5.6	-5.6	-6.1	-5.7	-5.7	-5.8	-6.0	-5.6	-6.7	-7.6	-5.4	-6.9	-6.4	-6.7	-7.1	-7.4	-6.7	-7.4	-7.8	-5.5	-6.9	-6.8	-7.3	-7.3	-6.2	-7.4	-7.2	-6.9	-7.5	-7.6	-7.0	-7.2	-7.3	-7.4	-8.0	-6.4	-6.1	-7.2	-7.5	-6.6	-6.8	-7.4	-5.7	-6.8	-6.9
2hb1_protein_Repair_12	-6.7	-6.4	-6.0	-6.5	-7.2	-5.8	-5.5	-6.0	-6.0	-7.5	-5.8	-7.4	-8.0	-7.5	-5.7	-7.3	-6.1	-6.4	-6.5	-6.2	-5.6	-5.8	-6.1	-6.1	-6.6	-6.5	-6.2	-7.2	-7.7	-6.9	-5.6	-5.5	-5.8	-5.7	-6.9	-5.5	-5.5	-6.2	-6.4	-6.5	-6.2	-6.2	-5.7	-6.7	-7.3	-6.7	-6.7	-5.5	-5.3	-5.6	-5.9	-6.1	-6.5	-6.4	-6.0	-6.7	-6.6	-6.2	-6.8	-6.6	-7.3	-7.2	-6.1	-6.7	-7.0	-6.1	-6.0	-6.0	-6.0	-6.4	-6.1	-7.1	-6.8	-6.7	-5.2	-6.1	-5.4	-7.0	-6.1	-5.7	-5.8	-5.6	-5.9	-6.3	-5.6	-5.5	-6.6	-7.2	-6.2	-6.2	-6.4	-5.5	-7.2	-6.0	-6.6	-5.4	-6.6	-7.2	-6.1	-6.1	-6.9	-7.9	-6.0	-6.3	-6.9	-5.7	-5.1	-5.4	-6.7	-5.4	-6.1	-6.7	-6.7	-6.2	-7.1	-5.9	-6.4	-6.9	-6.1	-6.4	-6.5	-5.9	-7.1	-6.6	-5.6	-7.0	-7.5	-7.6	-5.6	-7.3	-7.1	-6.6	-6.2	-6.6	-5.4	-5.2	-5.9	-6.1	-5.3	-5.4	-8.2	-7.7	-6.5	-7.0	-7.0	-6.7	-5.6	-6.2	-5.5	-1.3	-6.3	-5.3	-5.3	-7.2	-5.7	-7.5	-7.7	-6.7	-6.0	-5.8	-7.2	-7.6	-5.1	-5.8	-5.4	-6.9	-6.9	-6.6	-7.8	-6.4	-5.1	-5.7	-5.6	-5.7	-6.2	-5.1	-5.7	-5.5	-6.0	-5.8	-5.6	-6.9	-7.4	-6.1	-5.7	-5.8	-5.8	-5.7	-6.0	-6.3	-5.5	-5.5	-6.9	-6.4	-6.4	-5.9	-5.7	-5.8	-6.2	-6.0	-5.6	-5.6	-5.6	-5.6	-7.0	-5.9	-7.1	-7.2	-6.5	-7.0	-6.1	-7.0	-7.0	-6.8	-5.9	-5.8	-6.1	-6.6	-6.0	-6.0	-5.3	-6.6	-6.3	-6.9	-6.2	-6.4	-6.5	-7.4	-4.7	-4.9	-4.6	-5.1	-4.8	-4.6	-4.8	-5.2	-4.0	-5.1	-3.9	-4.6	-7.0	-7.2	-6.5	-7.0	-7.8	-6.9	-6.8	-7.4	-7.4	-6.7	-7.1	-6.0	-6.8	-7.1	-6.4	-6.2	-6.5	-6.5	-6.5	-7.0	-6.4	-6.8	-6.6	-6.3	-6.1	-7.3	-6.9	-7.5	-7.2	-6.2	-7.3	-7.1	-7.5	-7.1	-6.2	-5.7	-6.3	-5.9	-6.2	-5.8	-5.5	-6.3	-6.4	-7.0	-7.0	-6.7	-6.5	-7.0	-6.4	-7.0	-6.3	-6.9	-7.0	-7.3	-7.1	-7.4	-7.2	-7.1	-6.1	-7.1	-6.8	-7.2	-7.5	-6.0	-7.3	-7.6	-5.9	-6.8	-5.7	-6.2	-6.6	-7.0	-5.9	-7.7	-6.7	-6.7	-7.3	-7.0	-5.7	-7.0	-7.0	-6.4	-6.5	-6.7	-6.3	-6.6	-5.6	-6.0	-6.9	-6.5	-7.0	-7.0	-6.5	-5.6	-5.9	-5.3	-5.6	-6.7	-7.5	-5.5	-8.0	-7.1	-5.7	-6.3	-7.5	-6.8	-6.7	-5.1	-6.7	-7.4	-7.4	-6.6	-6.3	-6.1	-6.9	-7.1	-6.4	-6.3	-6.5	-5.5	-6.0	-5.9	-6.3	-5.7	-7.1	-7.1	-6.7	-7.0	-5.6	-6.6	-6.3	-6.2	-6.9	-6.4	-6.0	-5.7	-6.1	-5.7	-5.7	-5.9	-6.1	-5.4	-7.1	-7.4	-5.6	-7.3	-6.3	-6.4	-7.2	-7.0	-6.7	-6.6	-7.2	-5.4	-7.4	-6.7	-6.8	-6.8	-6.5	-7.0	-6.8	-7.5	-7.0	-7.5	-7.1	-6.4	-6.9	-6.8	-7.4	-6.3	-6.1	-7.4	-7.4	-6.8	-6.8	-7.2	-5.7	-6.6	-6.5
2hb1_protein_Repair_13	-6.7	-6.9	-5.5	-6.5	-6.3	-5.2	-5.5	-6.5	-6.3	-8.1	-6.2	-7.6	-7.7	-7.0	-6.5	-8.3	-6.0	-6.8	-6.4	-6.5	-5.8	-5.6	-6.1	-5.9	-6.2	-7.8	-6.8	-6.7	-6.9	-6.5	-5.4	-5.4	-5.2	-5.5	-6.9	-5.9	-5.8	-6.5	-6.5	-6.4	-6.0	-6.1	-6.9	-6.8	-7.1	-6.7	-6.9	-5.8	-5.6	-5.4	-6.3	-6.4	-7.2	-6.3	-6.2	-5.9	-6.5	-5.9	-7.3	-6.8	-6.4	-7.0	-5.9	-7.4	-7.1	-6.3	-6.5	-6.6	-6.0	-6.4	-5.4	-5.8	-7.0	-6.4	-5.4	-6.1	-5.3	-7.0	-6.1	-6.0	-6.2	-6.3	-6.1	-5.9	-6.1	-6.3	-6.3	-7.3	-6.0	-6.4	-6.5	-6.0	-6.8	-6.4	-6.3	-5.5	-6.9	-7.5	-6.2	-6.2	-6.8	-7.5	-6.3	-6.6	-6.7	-5.8	-6.4	-6.0	-6.5	-5.5	-6.0	-6.4	-6.3	-6.3	-7.3	-5.9	-6.4	-6.8	-5.7	-5.5	-6.2	-6.3	-7.3	-5.5	-5.9	-6.0	-7.2	-7.4	-5.8	-6.8	-6.8	-6.4	-6.8	-6.7	-6.9	-5.6	-5.9	-6.6	-5.6	-6.1	-8.1	-7.5	-6.2	-7.2	-6.7	-7.4	-6.3	-6.6	-5.5	-1.3	-6.2	-5.6	-6.0	-6.3	-6.0	-8.1	-6.9	-6.5	-4.9	-5.7	-7.2	-7.1	-5.5	-5.6	-5.3	-7.1	-7.1	-6.5	-7.7	-6.3	-5.8	-5.7	-6.0	-6.3	-5.4	-5.3	-6.3	-5.9	-6.1	-7.0	-5.4	-7.5	-8.0	-6.3	-5.9	-5.9	-6.1	-5.9	-5.9	-6.4	-5.7	-6.2	-7.0	-6.1	-6.5	-6.6	-6.1	-6.3	-6.2	-6.5	-5.7	-5.8	-5.9	-5.8	-6.4	-5.7	-7.5	-6.8	-6.6	-7.3	-5.9	-7.7	-7.7	-6.1	-6.2	-6.2	-5.9	-6.0	-6.2	-6.3	-5.8	-7.9	-6.1	-7.1	-6.1	-6.5	-6.5	-7.1	-4.7	-5.0	-4.4	-4.7	-4.7	-4.6	-4.8	-5.4	-4.4	-4.8	-4.2	-4.4	-7.4	-7.3	-6.9	-7.1	-8.2	-6.8	-7.3	-7.4	-7.5	-6.4	-6.9	-7.4	-7.6	-7.2	-6.5	-6.9	-6.7	-7.2	-6.8	-7.3	-6.8	-7.8	-7.4	-6.3	-6.0	-7.4	-7.1	-7.5	-8.0	-6.5	-7.5	-7.2	-7.7	-8.2	-6.5	-5.4	-6.2	-5.8	-6.2	-6.0	-5.9	-6.4	-6.2	-7.2	-7.0	-7.4	-7.8	-6.5	-6.8	-6.9	-6.8	-7.1	-7.1	-7.1	-7.1	-7.5	-7.2	-7.2	-5.7	-7.3	-7.8	-7.6	-7.8	-6.6	-7.7	-7.5	-5.9	-7.2	-5.3	-6.1	-6.7	-7.4	-6.0	-7.4	-7.2	-7.5	-7.9	-8.0	-5.4	-7.6	-6.4	-6.7	-6.4	-7.0	-7.4	-7.3	-5.4	-5.9	-7.5	-5.9	-6.3	-6.8	-6.2	-5.7	-5.7	-5.7	-5.6	-6.4	-7.7	-5.5	-8.2	-7.0	-5.8	-6.6	-7.5	-7.3	-6.9	-5.2	-6.2	-7.4	-8.2	-6.3	-6.3	-6.1	-7.1	-7.0	-6.7	-6.3	-6.4	-5.3	-5.9	-5.9	-6.2	-5.7	-6.8	-7.1	-6.4	-6.9	-5.6	-6.2	-6.6	-6.4	-7.7	-6.8	-5.9	-5.9	-6.1	-5.7	-5.6	-5.9	-5.8	-5.5	-7.1	-7.2	-5.5	-7.9	-6.4	-6.4	-7.6	-7.2	-6.2	-7.5	-7.8	-5.1	-7.4	-6.9	-7.4	-7.5	-6.4	-7.8	-7.4	-7.4	-7.4	-7.5	-7.3	-7.1	-7.4	-7.8	-7.6	-6.6	-6.1	-7.0	-7.3	-6.6	-7.0	-7.6	-5.4	-6.6	-6.8
2hb1_protein_Repair_14	-6.6	-6.8	-5.5	-6.2	-6.3	-5.3	-5.6	-6.3	-6.3	-7.9	-6.0	-7.4	-7.4	-7.6	-5.6	-8.3	-6.0	-6.9	-6.5	-5.6	-5.8	-5.5	-6.3	-5.7	-6.4	-7.0	-6.5	-6.9	-6.8	-7.1	-5.1	-5.0	-5.1	-5.5	-7.0	-5.5	-5.7	-6.2	-6.5	-6.4	-5.8	-5.9	-5.2	-6.8	-6.3	-7.0	-6.9	-5.7	-5.0	-5.4	-6.4	-6.2	-7.0	-6.1	-6.2	-5.8	-6.7	-5.7	-7.5	-6.6	-7.0	-7.0	-5.8	-6.9	-7.2	-6.9	-6.4	-6.3	-6.3	-6.3	-5.5	-6.6	-6.9	-6.3	-5.2	-6.3	-5.2	-7.0	-6.1	-5.8	-6.0	-5.8	-5.8	-6.2	-5.6	-5.6	-6.2	-7.1	-5.8	-6.3	-6.3	-5.8	-6.7	-6.4	-6.2	-5.4	-6.8	-7.6	-6.8	-6.1	-6.3	-8.0	-6.2	-6.4	-6.7	-5.5	-6.3	-5.3	-6.4	-5.3	-5.9	-6.2	-6.2	-6.1	-6.8	-6.3	-6.3	-6.6	-6.7	-6.3	-6.0	-6.2	-7.4	-6.2	-5.9	-6.6	-7.1	-7.3	-5.6	-6.5	-6.5	-6.3	-6.6	-6.5	-6.3	-5.4	-5.7	-6.6	-5.8	-5.8	-8.2	-7.7	-5.8	-7.0	-7.0	-7.4	-5.7	-6.6	-5.2	-1.3	-6.2	-5.5	-5.8	-7.0	-5.9	-8.1	-6.9	-6.4	-5.0	-5.9	-7.0	-7.0	-5.4	-5.4	-5.5	-6.8	-7.0	-6.4	-7.6	-6.2	-6.0	-6.3	-6.0	-5.4	-5.4	-5.0	-5.9	-5.9	-6.0	-7.1	-5.0	-7.4	-7.9	-6.4	-5.9	-5.9	-6.1	-5.8	-6.0	-6.5	-5.6	-6.1	-6.8	-6.1	-6.6	-6.0	-6.1	-6.2	-6.5	-5.8	-5.4	-5.5	-5.6	-5.7	-5.8	-5.6	-7.4	-6.8	-6.6	-7.3	-5.8	-7.6	-7.6	-5.9	-5.9	-5.9	-6.2	-5.9	-5.9	-5.9	-5.8	-7.8	-5.8	-7.0	-5.8	-6.4	-6.5	-7.1	-4.8	-5.0	-4.5	-5.3	-4.9	-5.1	-4.6	-5.4	-4.8	-5.3	-4.0	-4.5	-7.4	-7.2	-6.7	-6.7	-7.8	-6.8	-7.1	-6.9	-7.9	-6.1	-6.7	-7.3	-7.2	-7.1	-6.1	-6.6	-6.6	-7.1	-6.2	-6.8	-6.6	-7.7	-7.4	-6.1	-5.9	-7.4	-6.9	-7.0	-7.5	-6.6	-7.3	-7.2	-7.2	-7.8	-5.9	-6.0	-6.0	-5.7	-5.3	-6.0	-5.9	-6.5	-6.7	-7.2	-7.0	-7.2	-7.2	-7.9	-6.6	-6.8	-6.6	-6.9	-6.6	-6.7	-7.1	-7.3	-7.1	-6.9	-5.3	-6.8	-7.2	-7.6	-7.6	-5.8	-7.6	-7.1	-5.8	-7.1	-5.3	-6.0	-6.6	-7.4	-6.0	-7.4	-7.2	-7.3	-7.9	-7.6	-5.4	-7.5	-6.5	-6.5	-6.7	-7.0	-7.1	-7.1	-5.9	-5.8	-7.1	-5.9	-6.1	-7.0	-6.1	-5.8	-6.0	-5.8	-5.1	-6.2	-7.3	-5.4	-7.6	-7.1	-6.0	-6.5	-7.5	-7.0	-6.9	-5.1	-6.3	-7.2	-7.4	-6.1	-6.1	-5.9	-6.9	-6.9	-6.6	-6.1	-6.1	-5.3	-6.0	-5.9	-5.9	-5.4	-6.8	-7.2	-6.7	-6.5	-5.8	-6.1	-6.7	-6.5	-7.7	-6.3	-5.8	-5.9	-5.9	-5.7	-5.9	-5.6	-6.2	-5.1	-7.3	-7.4	-5.7	-7.0	-6.5	-6.4	-7.2	-7.1	-6.3	-7.5	-7.6	-5.1	-7.2	-7.0	-7.2	-7.4	-6.6	-7.9	-7.0	-7.1	-7.5	-7.3	-7.0	-7.1	-7.1	-7.2	-7.4	-6.3	-5.4	-7.5	-7.2	-6.5	-6.8	-7.0	-6.1	-6.6	-6.6
2hb1_protein_Repair_15	-6.8	-6.4	-5.4	-6.4	-6.7	-5.5	-5.7	-6.2	-6.2	-7.4	-5.6	-6.7	-7.7	-8.1	-6.1	-7.8	-5.8	-6.3	-6.1	-5.8	-5.5	-6.0	-6.0	-5.6	-6.4	-7.3	-6.3	-7.0	-7.0	-7.1	-5.1	-5.1	-5.5	-5.9	-7.0	-5.3	-5.6	-6.0	-6.7	-6.3	-5.9	-6.5	-6.3	-6.6	-7.4	-6.9	-6.8	-4.8	-4.8	-5.3	-6.7	-6.1	-6.3	-6.1	-5.7	-6.5	-6.6	-5.9	-7.3	-6.7	-6.8	-7.3	-6.3	-7.0	-6.8	-6.7	-5.9	-5.6	-6.2	-6.2	-5.8	-7.4	-6.6	-6.5	-5.4	-6.2	-5.2	-6.6	-6.3	-5.9	-6.1	-5.7	-6.2	-6.1	-5.7	-5.4	-6.0	-7.4	-6.4	-6.3	-6.7	-5.5	-7.0	-6.2	-6.2	-5.4	-6.9	-7.4	-6.7	-6.0	-6.6	-8.1	-6.3	-6.6	-6.9	-5.1	-5.8	-5.7	-6.4	-5.6	-5.6	-6.4	-6.4	-6.3	-6.6	-5.4	-6.3	-6.5	-5.7	-6.3	-6.2	-5.9	-7.2	-6.4	-5.3	-6.8	-6.8	-7.3	-5.4	-7.7	-7.7	-6.5	-6.1	-6.7	-5.4	-5.3	-5.6	-6.3	-5.6	-5.9	-7.8	-8.0	-6.5	-7.7	-6.8	-6.6	-6.2	-6.3	-5.4	-1.3	-6.4	-5.4	-5.7	-6.8	-5.9	-7.4	-6.9	-6.2	-5.4	-5.6	-7.8	-7.5	-5.3	-5.2	-5.0	-6.6	-6.7	-6.4	-7.7	-6.0	-5.4	-5.6	-6.2	-5.7	-5.6	-5.0	-5.7	-5.3	-5.7	-7.1	-5.0	-7.0	-7.7	-6.0	-5.8	-5.5	-5.8	-5.6	-5.6	-6.2	-5.1	-6.0	-6.4	-6.4	-6.5	-6.6	-5.9	-6.3	-6.4	-5.8	-5.5	-5.7	-5.3	-5.2	-5.7	-5.4	-7.1	-7.3	-6.5	-6.9	-5.5	-8.1	-8.0	-6.3	-6.1	-5.7	-6.3	-5.9	-6.1	-6.3	-5.9	-8.0	-5.4	-6.7	-6.1	-6.5	-6.5	-7.2	-4.7	-4.9	-4.8	-4.8	-5.0	-4.9	-4.9	-5.1	-4.3	-5.0	-4.0	-4.5	-6.8	-6.8	-6.9	-6.6	-7.5	-7.1	-7.3	-6.9	-7.4	-6.2	-6.8	-7.0	-6.8	-6.8	-6.4	-6.4	-6.5	-6.7	-6.5	-6.9	-6.8	-7.7	-6.9	-6.1	-6.0	-7.2	-6.8	-7.2	-7.4	-7.5	-7.3	-7.0	-6.9	-7.3	-5.9	-5.5	-6.2	-5.8	-5.3	-5.9	-5.7	-6.6	-6.4	-7.0	-6.9	-7.2	-6.9	-6.7	-6.7	-6.8	-6.5	-6.8	-6.5	-7.2	-7.0	-7.4	-7.0	-6.7	-6.1	-6.9	-7.3	-7.2	-7.5	-5.9	-7.9	-7.0	-5.7	-6.9	-5.9	-6.0	-6.7	-6.8	-5.9	-7.0	-6.7	-7.0	-7.9	-7.0	-5.4	-6.8	-6.6	-6.7	-7.3	-6.9	-6.8	-6.7	-5.3	-5.7	-6.9	-6.1	-6.2	-6.5	-6.4	-5.7	-5.8	-5.3	-5.3	-6.5	-7.3	-5.4	-7.2	-7.1	-5.7	-7.5	-7.7	-6.8	-6.7	-5.2	-6.5	-7.5	-7.6	-6.2	-6.1	-5.9	-6.8	-6.9	-6.8	-6.1	-6.3	-5.4	-5.9	-5.8	-5.9	-5.6	-6.7	-7.0	-6.5	-6.6	-5.3	-6.2	-7.0	-5.8	-7.8	-6.9	-5.7	-6.2	-6.1	-5.7	-5.3	-5.7	-5.7	-5.2	-6.8	-7.2	-5.4	-6.7	-6.3	-6.8	-7.3	-6.9	-6.5	-7.0	-7.4	-5.1	-6.8	-6.7	-6.8	-7.0	-7.1	-7.0	-6.8	-6.9	-7.2	-7.6	-6.8	-6.9	-7.5	-7.3	-7.4	-6.3	-6.0	-7.2	-7.4	-6.8	-6.5	-7.1	-5.5	-6.4	-6.4
2hb1_protein_Repair_16	-6.6	-6.3	-5.3	-6.0	-6.2	-5.2	-5.5	-5.7	-6.3	-7.5	-5.4	-6.5	-7.8	-7.8	-6.0	-8.8	-5.3	-6.4	-6.3	-5.7	-5.6	-5.6	-5.9	-5.5	-6.2	-7.4	-6.7	-7.1	-6.9	-7.0	-5.2	-5.1	-5.2	-5.8	-7.1	-5.9	-5.5	-6.0	-6.0	-6.0	-5.2	-5.6	-5.2	-6.4	-6.5	-6.6	-6.5	-5.5	-5.4	-5.5	-6.2	-6.1	-7.2	-6.3	-5.7	-5.9	-6.3	-5.9	-7.0	-7.0	-7.2	-7.2	-5.9	-7.2	-7.0	-6.5	-5.9	-6.2	-6.2	-6.0	-5.6	-6.9	-6.9	-5.9	-5.4	-6.1	-5.1	-6.4	-6.1	-5.7	-5.7	-5.4	-6.1	-6.0	-5.5	-5.1	-5.9	-7.2	-6.0	-6.2	-6.3	-5.2	-7.2	-6.1	-6.2	-5.5	-6.8	-7.3	-5.8	-6.1	-6.6	-7.2	-5.9	-6.3	-6.9	-5.1	-6.2	-5.5	-6.1	-5.6	-6.1	-6.1	-6.1	-5.8	-7.2	-5.4	-5.9	-6.6	-6.3	-5.6	-5.9	-6.0	-7.1	-6.1	-6.3	-6.2	-7.3	-7.4	-5.5	-7.1	-7.1	-6.0	-5.9	-6.8	-5.3	-4.9	-5.2	-6.0	-5.5	-6.0	-7.8	-7.3	-6.3	-7.8	-6.7	-6.5	-6.1	-6.0	-5.2	-1.3	-6.5	-5.2	-5.6	-6.7	-5.9	-8.3	-7.2	-6.0	-4.7	-5.5	-7.2	-7.8	-5.1	-5.7	-5.0	-6.6	-6.5	-6.1	-7.5	-6.1	-5.4	-5.6	-6.0	-5.4	-5.5	-4.7	-5.5	-5.3	-5.1	-7.3	-5.4	-6.7	-8.1	-6.0	-5.9	-5.4	-5.6	-5.5	-5.7	-6.1	-5.0	-5.6	-6.5	-6.1	-6.1	-6.1	-5.6	-5.6	-5.9	-5.6	-5.7	-5.9	-5.2	-5.0	-5.6	-5.3	-5.8	-7.0	-6.3	-7.1	-5.2	-7.8	-7.8	-6.2	-5.7	-5.5	-5.8	-6.3	-5.7	-5.9	-5.5	-8.0	-5.9	-6.5	-6.1	-6.2	-6.0	-7.0	-4.8	-5.1	-4.8	-5.3	-4.8	-5.2	-5.0	-5.2	-4.9	-4.6	-4.2	-4.7	-7.2	-6.8	-6.9	-6.5	-7.1	-6.8	-7.3	-7.0	-7.6	-6.3	-7.0	-6.8	-7.0	-7.1	-6.0	-6.4	-6.3	-6.3	-6.6	-6.8	-7.0	-7.4	-7.1	-6.3	-6.0	-7.4	-6.4	-7.1	-7.5	-7.2	-6.9	-6.7	-7.2	-6.7	-5.6	-6.3	-5.8	-5.6	-6.1	-5.6	-6.1	-6.2	-6.9	-7.1	-6.9	-6.9	-7.2	-8.1	-6.6	-6.9	-6.4	-6.4	-6.5	-7.3	-6.6	-7.3	-6.5	-7.3	-5.5	-7.0	-7.0	-7.0	-7.4	-5.7	-7.7	-6.7	-5.7	-7.3	-5.1	-5.8	-6.3	-7.2	-6.1	-7.2	-6.9	-7.1	-7.6	-6.7	-5.0	-7.1	-6.3	-7.0	-6.7	-7.0	-7.0	-6.8	-6.1	-5.9	-6.7	-6.5	-6.0	-6.4	-6.0	-5.0	-5.4	-6.2	-5.5	-5.9	-7.3	-6.3	-6.9	-7.2	-6.4	-7.0	-7.4	-6.5	-6.3	-5.7	-6.4	-7.2	-7.6	-6.3	-6.4	-5.8	-6.4	-7.2	-6.5	-6.4	-6.2	-6.1	-6.1	-5.9	-5.8	-6.1	-7.0	-7.0	-6.1	-6.5	-6.0	-6.0	-7.2	-6.5	-7.6	-6.5	-5.9	-6.6	-5.8	-5.7	-6.1	-5.6	-5.5	-5.8	-7.0	-6.9	-6.3	-7.7	-6.2	-6.3	-7.0	-7.3	-6.4	-7.4	-7.7	-5.0	-6.8	-6.2	-7.0	-7.0	-6.8	-6.9	-6.5	-7.0	-7.0	-7.4	-7.0	-6.9	-7.3	-7.0	-7.3	-6.3	-6.6	-6.8	-7.2	-6.8	-7.1	-7.0	-5.5	-6.4	-6.7
2hb1_protein_Repair_17	-6.6	-6.3	-5.5	-6.9	-6.2	-5.5	-5.9	-6.0	-6.2	-7.6	-5.5	-7.7	-7.6	-8.2	-4.7	-	-6.0	-7.0	-6.7	-6.1	-5.8	-5.8	-6.7	-5.9	-6.7	-7.3	-6.7	-7.1	-7.3	-	-5.2	-	-6.2	-5.9	-6.7	-5.7	-5.8	-6.2	-6.5	-6.2	-5.4	-5.8	-7.0	-6.8	-7.0	-6.9	-6.4	-5.9	-4.9	-5.4	-6.6	-6.5	-6.9	-6.3	-6.3	-6.1	-7.0	-6.0	-7.3	-6.4	-6.9	-6.9	-6.3	-7.0	-6.3	-6.5	-6.0	-6.8	-	-6.4	-6.1	-6.8	-6.9	-6.3	-5.2	-6.0	-5.2	-6.7	-6.2	-5.9	-6.0	-5.7	-6.0	-6.0	-5.8	-5.7	-6.1	-7.6	-6.0	-6.8	-6.7	-5.7	-7.0	-6.5	-6.6	-5.4	-7.5	-7.1	-5.9	-6.2	-6.8	-7.5	-7.0	-6.5	-6.9	-5.2	-6.4	-5.2	-7.1	-5.3	-6.3	-6.4	-6.4	-6.3	-7.2	-6.1	-6.3	-6.6	-5.4	-5.4	-6.7	-6.0	-6.9	-5.4	-5.3	-5.8	-7.3	-7.4	-5.6	-6.7	-6.6	-6.6	-6.7	-6.4	-6.2	-5.7	-5.8	-6.8	-5.7	-5.7	-7.1	-7.2	-6.6	-7.6	-6.8	-7.8	-5.7	-6.6	-5.7	-1.3	-6.6	-5.7	-5.7	-7.1	-6.1	-7.7	-7.1	-7.0	-5.2	-5.5	-6.8	-7.2	-5.6	-5.9	-5.0	-6.6	-7.4	-6.7	-8.3	-6.2	-5.4	-5.6	-5.6	-6.5	-5.5	-5.2	-6.5	-5.5	-5.9	-6.7	-4.6	-7.7	-7.4	-6.4	-6.9	-5.7	-6.0	-6.1	-5.6	-6.3	-5.5	-6.2	-7.1	-6.7	-6.6	-	-6.0	-6.3	-6.8	-6.1	-5.6	-6.5	-5.6	-6.0	-6.4	-5.8	-7.2	-7.1	-6.4	-7.6	-6.1	-7.9	-7.9	-6.7	-6.1	-6.1	-5.8	-6.0	-6.1	-6.0	-5.8	-7.9	-5.7	-6.9	-6.2	-6.2	-6.2	-7.4	-4.5	-4.9	-4.5	-5.2	-4.7	-4.7	-4.8	-5.2	-4.4	-5.1	-4.1	-4.6	-7.1	-6.3	-7.0	-6.8	-7.2	-6.6	-7.5	-7.4	-7.8	-6.4	-6.8	-7.5	-7.3	-6.9	-6.5	-6.5	-6.7	-7.5	-7.2	-7.0	-6.8	-7.3	-7.4	-6.5	-6.2	-7.0	-7.3	-7.4	-7.6	-6.6	-7.0	-7.3	-7.0	-7.3	-5.9	-5.4	-6.2	-	-5.6	-6.0	-5.8	-6.7	-6.5	-7.7	-7.0	-7.2	-7.3	-7.4	-6.9	-6.8	-6.5	-7.3	-6.7	-7.2	-7.4	-7.8	-7.0	-7.0	-5.5	-7.0	-7.5	-7.3	-7.6	-5.9	-7.6	-7.4	-6.0	-7.6	-5.6	-6.2	-6.7	-7.1	-	-7.1	-7.4	-7.3	-8.2	-7.3	-5.8	-7.6	-6.7	-6.8	-6.4	-6.4	-7.4	-7.3	-	-5.8	-7.1	-6.0	-6.5	-7.0	-6.5	-5.8	-5.8	-5.5	-5.3	-6.7	-7.4	-5.4	-7.3	-6.7	-5.9	-6.5	-7.1	-7.4	-7.1	-5.3	-6.3	-7.5	-7.3	-6.4	-6.5	-6.1	-	-7.0	-6.8	-6.5	-6.4	-5.6	-6.0	-5.8	-6.3	-5.8	-6.8	-7.4	-6.7	-6.7	-5.3	-	-6.5	-5.9	-7.7	-6.6	-5.8	-6.1	-6.0	-5.8	-5.5	-5.7	-5.9	-	-4.9	-7.1	-5.4	-6.9	-6.5	-6.8	-7.4	-7.4	-6.3	-7.1	-7.5	-5.3	-7.0	-7.0	-7.5	-7.4	-6.6	-6.9	-7.4	-6.7	-7.7	-7.2	-6.9	-7.1	-7.2	-7.5	-7.8	-6.5	-5.8	-7.1	-7.5	-6.4	-7.1	-7.4	-5.8	-6.7	-6.9
2hb1_protein_Repair_2	-6.2	-6.5	-5.4	-6.1	-5.7	-5.5	-5.1	-5.7	-6.0	-7.2	-5.5	-6.3	-7.7	-7.0	-5.2	-7.9	-6.0	-6.2	-6.1	-5.8	-5.9	-5.6	-5.9	-5.9	-6.4	-6.7	-5.9	-6.9	-6.4	-6.1	-5.2	-5.2	-5.7	-5.4	-6.5	-5.1	-5.6	-6.3	-5.9	-5.7	-5.2	-5.5	-6.8	-6.6	-6.0	-6.6	-6.8	-5.3	-5.1	-5.3	-6.0	-6.1	-7.4	-6.0	-5.5	-5.7	-6.3	-5.8	-6.6	-6.1	-6.0	-6.6	-5.9	-6.4	-6.4	-6.3	-6.0	-6.1	-6.0	-6.0	-5.3	-5.9	-6.8	-6.0	-5.3	-5.4	-4.7	-6.2	-5.6	-5.6	-5.5	-5.7	-5.8	-5.4	-5.7	-5.4	-6.6	-6.4	-6.2	-6.3	-6.1	-5.5	-7.3	-5.9	-6.0	-5.2	-6.4	-6.4	-5.5	-6.1	-6.4	-7.0	-5.9	-5.7	-6.2	-5.2	-6.3	-5.3	-5.6	-5.4	-6.1	-6.1	-6.1	-5.8	-6.8	-6.2	-5.9	-6.7	-5.2	-5.3	-5.8	-5.7	-6.7	-6.2	-5.2	-5.8	-6.8	-6.9	-5.4	-6.5	-6.5	-5.8	-6.0	-6.6	-5.8	-4.9	-5.5	-6.1	-5.6	-5.7	-6.7	-6.2	-6.2	-6.8	-6.6	-6.4	-6.0	-5.7	-5.5	-1.3	-6.5	-5.4	-5.8	-6.9	-5.7	-6.7	-6.6	-6.4	-4.8	-5.5	-6.7	-6.6	-5.0	-5.3	-4.9	-5.9	-6.2	-6.5	-7.2	-5.8	-5.3	-5.6	-5.8	-5.5	-5.4	-5.1	-5.5	-5.3	-5.5	-6.3	-4.7	-6.4	-6.9	-6.2	-5.8	-5.1	-5.4	-5.4	-5.6	-6.1	-5.2	-5.5	-5.9	-5.9	-6.2	-6.2	-5.4	-6.2	-6.3	-5.5	-5.5	-6.1	-5.7	-5.3	-5.1	-5.2	-6.7	-6.7	-6.3	-6.4	-5.1	-6.8	-7.0	-5.8	-6.0	-5.5	-5.9	-6.3	-6.1	-6.0	-5.9	-6.5	-5.5	-6.2	-5.6	-6.0	-6.0	-6.1	-4.4	-4.6	-4.4	-5.2	-4.9	-4.5	-4.7	-4.9	-4.4	-5.0	-4.0	-4.4	-6.5	-6.5	-6.5	-6.1	-6.8	-6.5	-6.8	-6.4	-6.8	-5.8	-6.0	-6.5	-6.9	-6.6	-5.9	-6.1	-6.2	-6.3	-6.2	-6.1	-6.2	-7.7	-6.4	-6.0	-5.7	-6.3	-6.4	-6.3	-7.1	-6.2	-6.2	-6.3	-6.5	-6.4	-6.6	-5.7	-5.7	-5.9	-5.9	-5.3	-5.5	-6.1	-6.0	-6.9	-6.7	-6.4	-6.7	-6.4	-6.2	-5.8	-6.0	-6.4	-6.4	-6.6	-6.5	-7.1	-6.4	-6.6	-5.7	-6.2	-7.0	-6.5	-6.7	-5.8	-7.6	-7.0	-5.9	-6.9	-6.0	-5.7	-6.2	-6.5	-6.1	-6.6	-6.6	-7.0	-7.3	-6.1	-5.8	-7.1	-6.2	-6.2	-6.4	-6.4	-6.2	-7.0	-5.7	-5.5	-7.1	-5.8	-6.2	-6.3	-6.1	-5.2	-6.0	-5.3	-5.2	-6.1	-6.9	-5.4	-6.8	-6.7	-5.7	-6.4	-6.6	-6.3	-6.4	-5.5	-5.8	-6.4	-6.6	-5.8	-6.3	-5.7	-6.4	-6.1	-6.1	-6.3	-5.8	-5.5	-6.1	-5.5	-5.7	-5.7	-6.0	-6.4	-6.2	-6.2	-5.3	-6.2	-6.2	-6.6	-7.5	-6.2	-5.3	-5.8	-5.9	-5.7	-5.3	-5.9	-5.7	-5.3	-6.4	-6.8	-5.7	-6.9	-5.9	-6.2	-6.5	-6.8	-5.6	-6.6	-6.7	-5.1	-6.6	-6.3	-6.5	-6.5	-6.5	-6.9	-6.3	-6.3	-6.5	-6.6	-6.5	-6.3	-6.9	-7.0	-7.1	-6.0	-6.2	-6.8	-6.4	-6.3	-6.6	-6.7	-5.5	-6.3	-6.2
2hb1_protein_Repair_3	-6.1	-6.5	-5.3	-5.8	-6.4	-5.2	-5.8	-5.2	-6.1	-5.7	-5.4	-6.8	-7.6	-7.5	-5.5	-7.5	-5.8	-6.5	-6.5	-6.0	-5.7	-5.4	-6.1	-5.5	-6.7	-6.6	-6.4	-6.2	-7.3	-7.1	-5.0	-5.1	-5.4	-5.5	-6.1	-5.4	-5.7	-6.6	-6.9	-6.3	-5.6	-5.6	-6.1	-7.6	-6.4	-7.9	-7.4	-5.5	-5.6	-5.8	-6.0	-5.5	-7.4	-5.8	-6.0	-6.2	-6.5	-6.0	-6.6	-5.8	-6.7	-6.5	-6.1	-6.8	-6.3	-6.4	-6.6	-6.6	-5.9	-5.9	-5.4	-6.4	-7.1	-5.5	-5.6	-6.1	-4.9	-6.4	-5.4	-6.0	-5.5	-5.9	-6.1	-5.9	-5.8	-5.4	-6.1	-6.7	-5.7	-6.2	-6.1	-5.4	-7.3	-5.5	-6.0	-5.1	-6.8	-7.0	-5.9	-6.0	-6.1	-7.8	-5.9	-5.9	-6.8	-5.3	-5.8	-5.7	-6.2	-5.7	-5.4	-6.1	-6.2	-6.3	-6.3	-5.8	-6.3	-6.2	-5.9	-6.0	-5.5	-5.7	-6.5	-6.2	-5.3	-5.9	-6.6	-6.7	-5.2	-7.2	-7.2	-6.4	-5.8	-6.8	-5.1	-5.0	-5.7	-5.8	-5.2	-5.4	-7.6	-7.5	-6.2	-7.3	-7.3	-6.9	-5.7	-6.5	-5.2	-1.2	-5.6	-5.3	-5.6	-6.1	-5.9	-7.9	-6.7	-5.9	-4.9	-5.8	-6.6	-7.0	-5.3	-5.5	-5.1	-6.2	-6.6	-5.9	-7.5	-6.0	-6.1	-5.8	-5.2	-5.8	-5.7	-5.2	-5.8	-5.2	-5.4	-6.4	-5.0	-6.8	-7.4	-5.6	-5.4	-5.9	-5.7	-6.1	-5.9	-6.2	-5.5	-5.7	-7.3	-6.1	-6.0	-6.4	-5.6	-6.0	-6.2	-5.7	-5.2	-5.0	-5.2	-5.1	-6.6	-5.8	-5.8	-6.4	-6.6	-6.7	-5.6	-7.4	-7.3	-6.3	-5.6	-5.4	-5.7	-6.5	-5.4	-5.7	-5.7	-6.3	-6.1	-6.2	-5.7	-6.0	-6.4	-6.3	-4.6	-4.9	-4.7	-5.0	-4.9	-5.0	-4.6	-5.4	-4.6	-4.7	-4.0	-4.5	-7.3	-7.2	-7.6	-6.7	-7.0	-7.4	-7.3	-7.0	-7.4	-6.3	-6.6	-6.9	-7.1	-7.5	-6.6	-6.7	-6.8	-7.1	-6.8	-7.0	-7.0	-7.2	-7.3	-6.4	-6.3	-6.5	-6.9	-6.8	-7.6	-6.9	-8.0	-7.3	-7.3	-7.2	-6.5	-5.9	-6.5	-6.0	-6.0	-6.2	-6.0	-6.3	-6.4	-7.3	-7.5	-7.1	-7.3	-7.7	-6.8	-6.6	-6.6	-6.9	-6.7	-7.3	-7.2	-7.5	-7.5	-7.7	-5.9	-7.0	-7.3	-6.8	-7.7	-5.7	-7.2	-7.9	-6.0	-7.4	-5.8	-6.5	-6.8	-7.3	-6.2	-7.5	-7.2	-7.2	-7.8	-7.0	-5.9	-7.2	-6.2	-6.9	-6.5	-7.5	-7.3	-7.2	-5.9	-6.3	-7.0	-6.1	-6.8	-7.6	-6.6	-5.9	-6.0	-5.9	-5.9	-6.8	-7.7	-5.7	-6.9	-7.4	-6.3	-6.9	-7.1	-6.6	-6.9	-5.7	-5.8	-6.9	-7.2	-6.3	-6.4	-6.3	-6.9	-7.0	-7.0	-6.4	-6.5	-5.8	-6.2	-5.9	-6.3	-5.9	-6.6	-7.2	-6.2	-6.7	-5.9	-6.8	-6.9	-5.4	-7.2	-6.7	-6.2	-6.2	-6.3	-5.8	-5.9	-6.1	-6.3	-5.9	-7.5	-7.0	-5.9	-7.7	-6.3	-6.2	-7.1	-7.3	-6.0	-7.4	-7.7	-5.6	-8.0	-6.9	-7.2	-7.3	-6.4	-7.3	-6.7	-7.4	-7.2	-6.7	-7.5	-7.1	-7.3	-7.3	-7.5	-6.5	-6.3	-7.3	-6.8	-7.1	-7.6	-7.5	-5.9	-6.6	-6.8
2hb1_protein_Repair_4	-6.0	-6.1	-5.2	-5.8	-6.7	-5.0	-5.2	-5.8	-5.9	-7.1	-5.5	-6.5	-7.7	-7.2	-5.8	-7.8	-6.1	-6.3	-6.2	-5.8	-5.8	-5.5	-5.7	-5.9	-5.7	-6.5	-6.1	-6.9	-6.9	-6.1	-5.4	-5.3	-5.6	-5.2	-6.9	-5.6	-5.4	-6.4	-6.4	-5.9	-5.3	-5.6	-5.3	-6.9	-6.4	-7.2	-7.0	-4.4	-5.4	-5.9	-5.8	-6.0	-6.8	-6.1	-5.5	-5.8	-6.1	-5.9	-7.1	-6.1	-6.5	-7.1	-6.1	-6.5	-6.7	-6.6	-6.0	-6.4	-5.6	-5.7	-5.5	-7.0	-6.8	-5.6	-5.6	-6.1	-4.7	-6.5	-5.9	-5.8	-5.5	-5.4	-6.1	-5.8	-5.8	-5.1	-6.3	-6.9	-5.6	-6.2	-6.0	-5.7	-7.6	-5.7	-6.0	-5.3	-7.0	-7.0	-6.0	-5.9	-6.1	-7.4	-5.8	-5.9	-6.7	-4.8	-6.1	-5.7	-6.2	-5.4	-5.7	-6.0	-5.8	-5.9	-7.0	-6.3	-6.0	-6.9	-5.6	-5.5	-6.5	-6.0	-6.9	-5.5	-6.4	-5.6	-6.2	-7.2	-5.5	-6.7	-6.6	-6.1	-6.0	-6.6	-6.2	-5.0	-5.5	-5.8	-5.2	-5.6	-7.1	-7.4	-5.8	-6.8	-6.6	-6.7	-5.9	-6.2	-5.4	-1.3	-6.0	-5.5	-5.2	-6.9	-6.0	-7.4	-7.2	-6.3	-5.0	-5.7	-6.7	-6.8	-4.9	-5.1	-5.1	-6.6	-6.3	-6.3	-7.5	-5.8	-5.6	-5.8	-5.6	-5.4	-5.5	-5.0	-5.4	-5.4	-5.4	-6.1	-4.9	-6.3	-7.0	-6.1	-5.8	-5.2	-5.5	-5.8	-5.7	-6.1	-5.4	-5.4	-6.7	-5.8	-6.4	-6.8	-5.5	-5.9	-6.4	-5.6	-5.8	-5.6	-5.6	-5.7	-6.0	-5.7	-6.9	-6.1	-6.2	-6.6	-5.0	-6.7	-6.7	-6.0	-6.0	-5.4	-5.8	-6.6	-6.1	-5.8	-5.9	-6.8	-5.7	-6.2	-5.6	-5.8	-6.6	-6.6	-4.3	-4.8	-4.8	-5.3	-4.8	-4.6	-4.5	-5.3	-4.4	-4.7	-4.0	-4.5	-6.7	-6.9	-7.3	-6.9	-8.0	-6.9	-7.1	-8.1	-7.6	-6.1	-6.9	-7.0	-7.8	-6.5	-6.3	-6.6	-6.6	-7.0	-6.4	-6.8	-6.5	-7.7	-7.2	-6.2	-6.1	-7.2	-6.4	-7.5	-7.2	-6.2	-6.5	-6.9	-7.7	-6.9	-5.9	-5.4	-6.2	-5.8	-5.4	-6.2	-6.0	-6.5	-6.7	-7.2	-7.2	-7.2	-7.3	-7.4	-6.6	-7.0	-6.9	-6.4	-6.7	-7.5	-6.9	-7.4	-6.5	-7.1	-5.5	-6.7	-7.3	-7.2	-7.1	-6.7	-7.4	-7.6	-5.8	-7.1	-5.5	-6.2	-6.6	-6.7	-6.2	-7.5	-7.0	-6.9	-7.3	-7.1	-5.8	-7.0	-6.5	-6.6	-6.3	-7.3	-7.0	-7.0	-5.5	-5.8	-7.0	-6.5	-6.0	-7.4	-6.3	-5.9	-5.7	-5.6	-5.1	-7.0	-7.7	-5.8	-7.9	-7.1	-5.9	-6.2	-7.0	-6.7	-6.5	-5.7	-5.9	-6.8	-7.7	-6.2	-6.2	-6.1	-6.4	-6.6	-6.6	-6.2	-5.9	-5.3	-6.1	-5.8	-6.2	-5.8	-6.7	-6.9	-6.5	-6.7	-5.7	-6.0	-6.2	-6.6	-7.4	-6.6	-5.8	-6.0	-6.1	-5.2	-5.9	-6.0	-5.9	-5.6	-6.6	-7.4	-5.3	-7.4	-6.5	-6.6	-7.3	-7.3	-5.9	-7.2	-7.2	-5.7	-7.3	-6.5	-7.2	-6.7	-6.4	-6.9	-6.7	-7.5	-7.1	-6.9	-7.2	-7.0	-7.4	-7.3	-7.2	-6.4	-5.7	-7.1	-6.8	-6.3	-6.8	-7.5	-5.6	-6.6	-6.4
2hb1_protein_Repair_5	-6.5	-6.3	-5.3	-6.0	-6.4	-5.6	-5.6	-6.1	-6.2	-7.3	-5.8	-7.0	-7.5	-6.9	-5.5	-7.7	-5.6	-6.5	-6.4	-5.6	-5.8	-5.7	-6.1	-5.8	-6.4	-6.4	-6.3	-6.5	-6.7	-7.2	-5.3	-5.2	-5.5	-5.6	-7.0	-5.4	-5.7	-6.2	-6.0	-5.9	-5.6	-5.5	-6.3	-6.4	-6.3	-6.6	-6.8	-4.9	-5.1	-5.6	-6.3	-5.9	-6.7	-6.0	-5.7	-6.2	-6.5	-5.8	-7.0	-6.5	-6.4	-7.1	-6.0	-7.3	-6.9	-6.4	-6.1	-5.3	-5.9	-6.4	-6.0	-6.6	-6.6	-5.9	-5.4	-6.1	-5.1	-6.9	-6.2	-5.7	-6.1	-5.5	-6.2	-6.2	-5.8	-5.2	-5.9	-7.2	-6.0	-6.8	-6.3	-5.5	-6.6	-6.2	-6.2	-5.4	-6.6	-6.9	-6.2	-6.0	-6.3	-7.4	-6.2	-6.0	-6.1	-5.0	-6.5	-5.7	-6.5	-5.4	-5.4	-5.9	-5.9	-6.2	-6.5	-5.7	-6.2	-6.7	-5.9	-6.4	-6.5	-6.0	-6.6	-6.1	-5.8	-6.2	-6.6	-7.1	-5.5	-6.6	-6.4	-6.1	-6.8	-6.7	-6.1	-5.0	-5.4	-6.3	-5.5	-6.0	-7.3	-7.6	-6.4	-6.8	-6.5	-7.0	-5.6	-6.3	-5.4	-1.3	-5.9	-5.5	-5.6	-6.9	-6.0	-7.0	-7.2	-6.3	-5.4	-5.6	-7.0	-6.9	-5.3	-5.8	-4.9	-6.5	-6.8	-6.3	-7.2	-6.2	-5.7	-5.5	-6.0	-5.3	-5.3	-4.8	-5.3	-5.1	-5.3	-6.4	-4.7	-7.0	-8.1	-6.2	-6.6	-5.4	-5.6	-5.4	-5.8	-5.9	-5.1	-5.4	-6.5	-6.1	-6.2	-6.2	-5.6	-6.0	-6.6	-6.1	-5.6	-6.1	-5.3	-5.3	-5.9	-5.5	-7.3	-7.0	-6.3	-6.9	-5.7	-6.8	-7.4	-6.0	-5.9	-5.6	-5.9	-6.3	-5.7	-5.5	-5.6	-7.8	-6.1	-7.1	-5.9	-5.8	-6.3	-7.1	-4.7	-4.9	-4.7	-4.5	-4.9	-4.7	-5.0	-5.1	-4.5	-4.6	-4.0	-4.4	-7.0	-7.0	-6.5	-6.5	-8.3	-7.1	-7.3	-7.2	-7.3	-6.3	-6.8	-6.8	-7.1	-7.0	-6.3	-6.9	-6.5	-7.3	-6.7	-6.6	-6.4	-7.5	-6.7	-6.2	-6.2	-7.6	-6.9	-7.5	-7.1	-6.7	-7.0	-7.0	-7.1	-7.3	-5.9	-5.3	-6.0	-5.8	-5.4	-6.1	-5.7	-6.3	-6.3	-7.1	-6.9	-6.8	-7.6	-6.7	-6.8	-6.7	-6.8	-6.9	-6.6	-7.5	-7.0	-7.1	-6.7	-6.7	-5.3	-6.6	-7.1	-7.4	-7.2	-5.9	-7.6	-7.0	-5.8	-7.4	-5.4	-6.0	-6.8	-7.0	-5.9	-7.1	-7.0	-7.0	-7.5	-7.2	-5.0	-7.1	-6.4	-6.5	-6.2	-7.1	-6.6	-7.4	-5.3	-5.6	-7.0	-5.8	-6.1	-6.8	-6.4	-5.0	-5.6	-5.3	-5.3	-6.3	-7.5	-5.4	-8.3	-6.4	-5.5	-6.5	-7.0	-6.9	-7.0	-5.2	-6.2	-6.9	-7.6	-6.3	-6.3	-5.9	-6.9	-6.7	-6.5	-6.3	-6.4	-5.4	-6.0	-5.9	-5.9	-5.0	-6.7	-7.0	-6.3	-6.5	-5.3	-6.0	-6.5	-5.7	-7.6	-6.9	-5.6	-5.8	-6.2	-5.1	-5.3	-5.7	-5.5	-5.2	-6.8	-7.5	-5.4	-6.6	-6.3	-6.4	-7.5	-7.4	-6.2	-6.8	-7.5	-5.2	-7.0	-7.0	-6.9	-7.1	-6.3	-7.1	-7.0	-7.2	-7.2	-6.6	-7.1	-7.0	-7.4	-7.1	-7.1	-6.4	-5.7	-6.9	-7.0	-6.7	-6.4	-7.5	-5.2	-6.5	-6.8
2hb1_protein_Repair_6	-6.1	-6.2	-5.3	-6.7	-6.0	-5.4	-5.8	-5.7	-6.2	-7.3	-5.6	-7.6	-7.9	-7.0	-6.3	-8.7	-5.9	-6.5	-6.3	-5.6	-5.8	-5.8	-6.5	-5.7	-7.0	-7.4	-5.9	-7.0	-7.3	-6.6	-5.5	-5.4	-4.8	-5.9	-7.0	-5.8	-5.8	-6.2	-5.9	-6.5	-5.5	-5.8	-6.2	-6.5	-6.5	-6.6	-7.0	-5.3	-5.3	-5.6	-5.9	-6.5	-6.6	-7.0	-6.5	-6.5	-6.7	-6.4	-7.0	-6.5	-7.2	-7.0	-6.0	-7.0	-6.5	-6.7	-6.4	-6.1	-6.0	-6.3	-5.9	-6.6	-6.9	-5.3	-5.1	-6.0	-5.6	-6.7	-6.1	-5.7	-6.0	-5.1	-5.8	-5.9	-5.6	-5.8	-6.2	-7.2	-5.9	-6.5	-7.0	-5.5	-7.1	-6.5	-6.0	-5.2	-7.5	-7.1	-6.5	-5.8	-6.8	-7.6	-5.8	-6.2	-7.1	-4.5	-6.3	-5.5	-6.5	-5.4	-5.6	-6.8	-6.9	-6.2	-6.4	-6.0	-6.9	-6.3	-5.6	-6.0	-6.5	-5.9	-5.9	-7.0	-5.8	-6.1	-6.7	-7.3	-6.1	-6.7	-7.1	-6.3	-7.0	-6.2	-6.7	-5.4	-5.2	-6.3	-5.5	-5.6	-7.2	-7.3	-6.6	-6.8	-6.5	-7.3	-5.5	-6.2	-5.7	-1.3	-6.4	-5.6	-5.8	-7.0	-6.2	-7.3	-7.2	-6.7	-5.3	-5.5	-6.9	-6.6	-5.7	-5.6	-4.9	-6.5	-7.1	-6.7	-7.5	-6.2	-5.6	-5.7	-5.6	-5.6	-5.5	-5.0	-5.6	-5.4	-5.6	-6.8	-5.1	-7.4	-8.1	-6.4	-5.7	-5.6	-5.8	-6.1	-6.0	-6.2	-5.6	-5.7	-6.7	-6.7	-6.6	-6.1	-5.9	-6.2	-6.7	-6.4	-6.0	-6.3	-5.4	-5.7	-5.6	-5.7	-7.3	-6.9	-6.1	-7.4	-6.2	-7.3	-7.3	-6.5	-5.8	-5.7	-6.0	-6.7	-5.7	-6.1	-6.0	-7.2	-5.7	-6.8	-6.0	-6.4	-6.0	-6.9	-4.6	-4.9	-4.7	-5.2	-4.9	-5.0	-5.0	-5.3	-4.6	-5.2	-4.2	-4.6	-7.0	-6.7	-6.8	-7.3	-7.3	-6.4	-7.2	-7.8	-8.1	-6.0	-6.9	-7.3	-7.6	-6.7	-6.3	-6.8	-6.6	-7.0	-6.7	-6.4	-6.4	-7.6	-6.9	-6.4	-5.9	-7.5	-7.2	-7.6	-7.6	-6.5	-7.5	-7.3	-6.7	-6.8	-5.7	-6.2	-5.9	-5.8	-6.0	-6.5	-5.7	-6.7	-6.7	-7.2	-7.2	-7.1	-7.2	-7.4	-6.8	-7.0	-6.7	-7.2	-7.4	-7.6	-7.3	-7.3	-6.9	-6.9	-5.9	-6.3	-7.6	-6.7	-7.3	-6.4	-7.3	-7.6	-5.7	-7.2	-6.0	-5.9	-6.6	-7.0	-6.1	-7.4	-7.3	-7.2	-7.2	-7.1	-6.2	-7.1	-6.5	-6.4	-6.6	-7.2	-6.9	-7.4	-6.0	-6.2	-6.8	-6.2	-6.2	-6.4	-6.3	-6.1	-6.3	-6.3	-6.0	-6.3	-7.6	-6.1	-7.3	-6.1	-5.9	-6.6	-6.5	-6.9	-7.2	-6.0	-6.5	-6.4	-8.3	-6.0	-6.4	-6.2	-7.2	-6.3	-6.3	-6.4	-6.1	-6.0	-6.5	-5.7	-5.9	-5.1	-6.9	-7.3	-6.8	-7.4	-6.0	-6.2	-6.5	-5.6	-7.0	-6.6	-6.3	-6.2	-6.2	-6.2	-6.1	-6.3	-5.9	-6.0	-6.8	-7.1	-5.9	-6.9	-6.4	-7.1	-6.7	-7.2	-6.5	-6.9	-7.5	-6.0	-6.9	-7.2	-7.4	-7.2	-6.7	-6.9	-7.1	-7.0	-7.3	-6.5	-7.4	-7.3	-6.7	-7.6	-6.8	-6.3	-6.5	-6.8	-6.5	-6.4	-6.6	-7.7	-6.1	-6.5	-6.9
2hb1_protein_Repair_7	-6.8	-6.6	-5.3	-6.2	-6.2	-5.4	-5.5	-6.0	-6.3	-6.7	-5.8	-6.9	-7.5	-7.4	-6.1	-7.9	-6.1	-7.0	-6.4	-5.8	-5.6	-5.6	-6.3	-5.8	-7.2	-6.7	-6.1	-7.1	-6.9	-6.3	-5.5	-5.5	-5.6	-5.6	-7.0	-5.6	-5.7	-6.2	-6.4	-6.4	-5.9	-6.3	-6.7	-6.6	-6.2	-7.0	-6.9	-5.0	-5.5	-5.7	-6.3	-6.5	-6.6	-6.5	-6.4	-5.9	-6.5	-5.8	-6.2	-6.0	-6.8	-7.0	-6.1	-7.0	-7.0	-7.1	-6.1	-5.7	-5.8	-6.5	-5.9	-7.3	-6.7	-6.1	-5.2	-6.0	-5.2	-6.9	-6.1	-6.1	-6.0	-5.8	-5.9	-6.0	-5.7	-5.3	-6.3	-7.6	-5.9	-6.6	-6.3	-6.0	-7.1	-6.6	-6.3	-5.4	-6.1	-7.1	-6.1	-5.9	-6.7	-7.7	-7.3	-6.5	-6.8	-4.7	-5.2	-5.7	-6.4	-5.3	-6.0	-6.0	-6.0	-6.4	-6.6	-5.7	-6.2	-6.4	-6.5	-6.4	-5.6	-5.9	-6.9	-6.5	-6.3	-6.3	-7.0	-7.3	-5.5	-6.7	-6.7	-6.4	-6.5	-6.3	-6.3	-5.3	-5.6	-6.5	-5.8	-6.1	-8.2	-7.8	-5.9	-7.3	-6.5	-8.3	-5.9	-6.3	-5.5	-1.3	-6.7	-5.5	-5.0	-7.1	-5.9	-7.7	-7.1	-6.5	-5.0	-5.6	-6.9	-7.3	-5.7	-5.6	-5.0	-6.3	-6.9	-6.5	-7.8	-6.2	-6.3	-5.7	-6.3	-6.0	-5.6	-5.1	-6.1	-5.8	-5.4	-6.3	-4.9	-7.0	-8.0	-6.4	-5.6	-6.3	-6.0	-5.8	-5.8	-6.1	-5.4	-5.9	-6.5	-6.2	-6.7	-6.6	-5.9	-6.6	-6.6	-6.2	-6.2	-6.3	-5.9	-5.6	-6.3	-5.8	-7.2	-6.5	-6.6	-7.0	-5.9	-7.8	-7.8	-6.1	-5.9	-5.5	-6.2	-5.7	-5.8	-6.0	-5.8	-7.5	-5.7	-6.6	-5.9	-6.4	-6.2	-6.6	-4.5	-4.9	-4.5	-4.9	-4.7	-4.7	-4.6	-5.1	-4.5	-4.7	-3.9	-4.2	-6.8	-6.8	-7.1	-6.4	-7.8	-7.1	-7.4	-6.9	-7.2	-6.5	-6.6	-6.9	-7.1	-7.0	-6.3	-6.4	-6.8	-7.2	-6.8	-7.1	-6.7	-7.6	-7.2	-6.3	-5.9	-7.0	-7.1	-7.0	-7.6	-6.6	-7.4	-7.1	-6.9	-7.1	-6.1	-5.3	-6.0	-5.8	-5.4	-6.1	-5.6	-6.5	-6.4	-7.5	-7.3	-7.1	-6.7	-7.0	-6.8	-6.8	-6.5	-7.1	-6.5	-7.1	-7.2	-7.6	-6.9	-7.0	-5.7	-7.1	-7.3	-7.0	-7.6	-5.8	-7.6	-7.0	-5.7	-7.3	-5.5	-6.3	-6.8	-6.8	-6.1	-6.8	-7.0	-7.1	-8.2	-6.9	-5.2	-7.4	-6.5	-6.7	-6.2	-7.4	-7.0	-6.7	-5.2	-5.9	-6.7	-6.1	-6.4	-6.9	-6.4	-5.6	-5.7	-5.4	-5.3	-6.1	-7.1	-5.4	-7.1	-7.2	-5.9	-6.5	-7.4	-6.9	-7.0	-5.1	-6.4	-7.3	-7.2	-6.3	-6.3	-5.7	-7.1	-7.1	-6.7	-6.3	-6.5	-5.4	-6.0	-5.5	-6.3	-5.7	-6.6	-7.1	-6.7	-6.4	-5.2	-6.4	-6.6	-5.8	-7.6	-6.4	-5.8	-6.1	-6.0	-5.2	-5.4	-5.7	-5.9	-5.2	-7.1	-6.9	-5.4	-7.1	-6.5	-6.4	-6.9	-7.3	-6.4	-6.9	-7.7	-5.1	-6.9	-7.0	-7.0	-7.3	-6.3	-6.8	-6.9	-7.3	-7.1	-7.4	-7.4	-7.0	-6.9	-7.3	-7.4	-6.3	-5.8	-6.9	-7.3	-6.8	-7.0	-7.2	-5.3	-6.8	-6.8
2hb1_protein_Repair_8	-6.5	-5.9	-5.1	-6.3	-5.9	-5.2	-5.3	-5.7	-6.1	-6.6	-5.3	-6.9	-7.6	-7.0	-5.8	-7.2	-6.1	-6.8	-6.3	-5.7	-5.5	-5.6	-6.1	-5.6	-6.4	-6.9	-6.0	-6.2	-6.6	-6.2	-5.3	-5.3	-5.6	-5.5	-6.7	-5.3	-5.6	-6.1	-6.3	-6.1	-6.2	-5.4	-5.4	-6.6	-6.6	-6.7	-6.7	-4.9	-5.0	-5.1	-6.2	-6.3	-6.4	-6.7	-6.2	-5.9	-6.3	-5.9	-6.6	-6.0	-6.4	-7.4	-6.1	-7.1	-7.2	-6.3	-6.1	-6.0	-5.8	-6.4	-5.3	-6.0	-6.3	-6.5	-5.2	-6.0	-5.2	-6.6	-6.0	-5.9	-6.3	-5.7	-6.0	-5.6	-5.8	-5.5	-6.1	-6.6	-5.9	-6.4	-6.2	-5.4	-6.7	-6.3	-6.5	-5.1	-6.6	-7.0	-5.8	-5.9	-6.7	-7.7	-5.9	-6.7	-6.6	-5.1	-5.5	-5.3	-6.4	-5.3	-6.0	-6.0	-6.2	-6.0	-6.5	-5.4	-6.3	-6.1	-6.4	-5.7	-6.3	-5.8	-6.8	-5.7	-5.8	-6.1	-7.1	-7.2	-5.5	-6.7	-6.4	-6.3	-6.5	-5.9	-6.6	-4.9	-5.4	-6.2	-5.3	-6.0	-7.8	-7.6	-5.9	-6.9	-6.8	-6.7	-5.5	-6.1	-5.3	-1.2	-6.2	-5.4	-5.1	-6.5	-5.7	-7.1	-7.4	-6.4	-5.1	-5.7	-7.3	-7.0	-5.3	-5.3	-4.9	-6.3	-6.6	-6.3	-7.7	-5.9	-5.7	-5.6	-5.7	-5.4	-5.5	-4.7	-5.4	-5.4	-5.5	-6.0	-4.9	-7.0	-7.7	-6.0	-5.6	-5.9	-5.4	-5.5	-5.8	-5.9	-5.1	-5.7	-5.4	-6.1	-6.7	-6.1	-5.4	-6.7	-5.9	-6.1	-6.1	-5.3	-5.8	-5.5	-6.3	-5.8	-5.9	-6.2	-6.5	-7.0	-5.6	-7.1	-7.8	-5.9	-5.8	-5.4	-5.9	-5.4	-5.9	-5.7	-5.2	-7.2	-5.7	-6.8	-5.9	-6.0	-6.6	-6.8	-4.5	-5.0	-4.4	-5.1	-5.0	-4.7	-4.5	-5.1	-4.4	-4.6	-4.3	-4.2	-6.9	-7.0	-6.8	-6.6	-6.8	-6.7	-6.6	-7.6	-7.4	-6.3	-6.8	-6.9	-7.4	-6.6	-6.4	-6.9	-6.6	-6.7	-6.7	-6.6	-6.6	-7.1	-6.8	-6.3	-6.0	-7.2	-6.8	-7.1	-7.7	-6.8	-7.0	-7.1	-6.7	-6.9	-6.1	-5.4	-6.0	-5.8	-5.4	-6.0	-5.8	-6.5	-6.3	-7.0	-7.2	-6.9	-7.0	-6.4	-6.8	-6.9	-6.6	-6.8	-6.6	-7.0	-7.2	-7.1	-7.0	-7.0	-6.0	-6.7	-7.1	-7.4	-7.2	-5.8	-7.4	-6.8	-5.8	-7.1	-5.4	-6.0	-6.6	-6.9	-6.1	-6.6	-6.7	-7.1	-7.7	-7.1	-5.2	-6.8	-6.5	-6.6	-6.4	-7.1	-6.5	-7.0	-5.2	-5.9	-6.9	-6.0	-6.3	-6.9	-6.3	-5.1	-5.8	-5.2	-5.4	-6.3	-7.3	-5.4	-7.1	-6.9	-5.9	-6.7	-7.0	-6.8	-6.9	-5.2	-6.4	-6.8	-7.6	-6.4	-6.3	-6.1	-6.8	-6.6	-6.6	-6.3	-6.3	-5.4	-6.1	-5.8	-6.0	-5.2	-6.8	-7.0	-6.4	-6.7	-5.2	-6.3	-6.8	-5.8	-7.4	-7.0	-5.9	-6.0	-6.0	-5.1	-5.4	-5.8	-5.9	-5.4	-7.1	-7.0	-5.4	-7.0	-6.5	-6.5	-7.2	-7.1	-6.4	-7.0	-7.4	-5.2	-6.6	-6.9	-6.9	-6.6	-6.3	-7.1	-6.8	-6.5	-7.0	-6.8	-7.3	-6.7	-6.8	-7.0	-7.1	-6.4	-5.6	-6.9	-6.8	-6.6	-6.8	-7.3	-5.4	-6.6	-6.7
2hb1_protein_Repair_9	-6.4	-6.6	-5.3	-6.9	-6.3	-5.6	-5.7	-6.3	-6.3	-7.6	-5.8	-8.0	-8.0	-7.3	-6.4	-8.5	-6.1	-7.0	-6.7	-6.5	-6.1	-5.9	-6.7	-6.1	-6.4	-6.9	-6.0	-6.6	-7.2	-7.3	-5.4	-5.4	-5.7	-6.1	-7.0	-5.9	-5.9	-6.7	-6.6	-6.1	-5.6	-5.9	-5.4	-7.0	-7.0	-6.8	-7.1	-5.4	-5.3	-5.5	-6.1	-6.3	-7.2	-6.5	-6.6	-6.4	-6.9	-6.3	-7.8	-6.5	-7.5	-7.0	-6.4	-7.2	-6.8	-6.9	-6.3	-6.6	-6.1	-6.6	-5.6	-7.0	-6.9	-6.5	-5.6	-6.1	-5.6	-6.8	-5.9	-6.2	-6.0	-6.1	-6.1	-5.4	-6.1	-6.1	-5.8	-7.5	-5.8	-6.5	-7.1	-5.8	-7.1	-6.7	-6.5	-5.6	-7.6	-6.9	-6.2	-6.1	-7.2	-8.3	-5.9	-6.4	-6.6	-5.5	-6.0	-5.4	-7.0	-5.7	-6.3	-6.8	-6.8	-6.2	-7.0	-5.8	-6.6	-6.7	-6.7	-6.7	-6.3	-6.2	-7.1	-6.5	-6.9	-6.2	-7.1	-7.5	-6.0	-7.2	-7.1	-6.4	-7.1	-6.7	-6.9	-5.5	-6.1	-6.6	-5.6	-5.7	-8.3	-8.0	-6.6	-7.1	-7.2	-7.7	-5.8	-6.8	-5.6	-1.3	-6.6	-5.8	-5.9	-7.2	-6.2	-7.6	-7.3	-7.0	-5.6	-6.1	-6.7	-7.0	-5.7	-5.9	-5.4	-6.9	-7.7	-6.9	-8.4	-6.6	-6.0	-5.8	-5.9	-6.3	-5.5	-5.2	-6.3	-5.6	-6.0	-6.7	-4.8	-8.1	-8.1	-6.7	-5.7	-5.7	-6.0	-6.1	-5.9	-6.7	-5.7	-5.8	-7.1	-6.8	-6.4	-6.8	-6.1	-6.6	-5.7	-6.1	-5.3	-6.3	-6.1	-5.9	-6.7	-5.7	-7.5	-6.8	-6.4	-7.9	-6.1	-7.7	-7.8	-6.8	-6.4	-6.3	-6.4	-6.7	-6.3	-6.5	-6.4	-8.0	-5.9	-7.1	-6.2	-6.6	-6.3	-7.3	-4.4	-5.1	-4.3	-5.2	-4.7	-4.9	-4.6	-4.9	-4.4	-4.7	-4.3	-4.5	-7.6	-6.8	-7.4	-7.4	-7.8	-6.4	-8.3	-7.8	-7.3	-6.0	-7.0	-7.3	-7.7	-7.3	-6.5	-7.0	-7.0	-7.1	-7.0	-6.8	-6.5	-7.6	-7.3	-6.2	-6.2	-7.5	-7.4	-7.5	-7.5	-6.7	-8.0	-7.4	-7.7	-7.3	-5.9	-6.0	-6.3	-6.0	-5.7	-6.0	-5.8	-6.4	-6.5	-7.7	-7.6	-7.2	-7.4	-7.6	-6.9	-7.0	-7.1	-7.4	-7.4	-7.4	-7.5	-7.1	-7.0	-7.9	-5.8	-6.9	-8.0	-7.6	-7.4	-6.6	-7.4	-7.3	-5.9	-8.3	-6.1	-6.3	-6.9	-7.6	-6.0	-7.5	-7.2	-7.2	-7.7	-7.3	-5.5	-7.6	-6.4	-6.5	-6.1	-7.5	-7.5	-7.3	-5.6	-5.8	-6.8	-5.9	-6.3	-7.2	-6.5	-5.7	-5.8	-6.0	-5.2	-6.9	-7.5	-5.7	-7.6	-6.7	-5.8	-6.6	-7.3	-7.3	-7.4	-5.7	-6.4	-7.4	-7.7	-6.3	-6.5	-6.2	-7.4	-6.7	-6.8	-6.5	-6.2	-5.7	-5.9	-6.0	-6.3	-5.8	-7.0	-7.5	-6.8	-7.4	-5.8	-6.3	-6.6	-5.9	-7.5	-7.0	-5.8	-6.0	-6.2	-5.7	-6.0	-5.7	-5.9	-5.3	-7.2	-7.5	-5.7	-7.8	-6.4	-6.4	-7.6	-8.3	-6.4	-7.0	-7.3	-5.7	-8.0	-7.4	-7.2	-7.3	-6.1	-7.3	-7.2	-7.9	-7.7	-7.3	-7.6	-7.2	-7.4	-8.0	-7.2	-6.5	-5.6	-7.3	-7.3	-6.7	-6.8	-7.9	-6.0	-7.0	-7.0
2hb1_protein_Repair_WT	-6.9	-6.9	-5.6	-6.3	-6.3	-5.8	-6.0	-6.4	-6.4	-7.7	-6.1	-7.6	-7.6	-7.8	-6.0	-8.2	-6.2	-6.8	-6.4	-6.1	-6.0	-5.9	-6.3	-5.8	-6.7	-7.0	-6.5	-6.7	-7.0	-6.8	-5.4	-5.4	-5.7	-5.6	-5.8	-5.7	-5.9	-6.5	-6.8	-6.5	-5.7	-5.8	-5.7	-6.9	-6.8	-7.0	-6.8	-5.5	-5.7	-5.4	-6.6	-6.2	-7.2	-6.1	-6.0	-6.4	-6.7	-6.4	-7.1	-6.5	-7.4	-6.9	-5.9	-7.2	-7.1	-6.7	-6.4	-6.6	-6.3	-6.4	-5.7	-6.9	-7.1	-6.6	-5.5	-6.1	-5.4	-7.0	-5.8	-5.9	-6.1	-5.8	-6.1	-6.0	-6.0	-6.3	-6.1	-7.3	-6.1	-6.4	-6.7	-6.1	-7.1	-6.4	-6.5	-5.4	-6.8	-7.5	-6.3	-6.4	-6.9	-7.7	-6.3	-6.7	-6.8	-5.8	-5.5	-5.9	-6.5	-5.4	-6.1	-6.4	-6.4	-6.4	-7.2	-6.1	-6.5	-6.5	-6.3	-5.4	-6.2	-6.4	-7.2	-7.2	-5.7	-5.8	-7.0	-7.3	-5.8	-7.0	-6.8	-6.6	-6.7	-6.7	-6.7	-5.2	-5.9	-6.8	-5.8	-6.5	-8.4	-7.4	-6.3	-7.2	-7.0	-8.0	-6.3	-6.3	-5.3	-1.2	-6.4	-5.4	-6.2	-6.3	-6.3	-8.1	-7.0	-6.6	-5.6	-5.6	-7.2	-7.1	-5.5	-5.7	-5.3	-7.0	-7.3	-6.5	-8.1	-6.3	-6.0	-5.9	-5.7	-6.5	-6.0	-5.3	-6.5	-6.1	-6.0	-6.4	-5.4	-7.6	-8.1	-6.4	-6.0	-6.1	-6.3	-6.0	-6.2	-6.2	-5.9	-5.8	-6.9	-6.3	-6.7	-6.4	-6.4	-5.7	-6.3	-6.0	-5.6	-6.0	-5.9	-5.6	-6.5	-5.7	-7.6	-6.9	-6.7	-7.4	-6.1	-8.1	-8.2	-6.3	-5.9	-6.0	-6.2	-6.1	-6.1	-6.3	-6.0	-7.9	-6.2	-7.2	-6.1	-6.5	-6.6	-7.1	-4.8	-5.1	-4.7	-5.4	-4.8	-4.9	-4.7	-5.0	-4.8	-4.8	-4.2	-4.6	-7.2	-7.7	-7.4	-6.9	-7.0	-7.2	-7.3	-7.2	-7.8	-6.2	-6.9	-7.6	-7.6	-7.2	-6.3	-6.7	-6.7	-7.2	-6.8	-7.1	-6.5	-8.0	-7.3	-6.2	-6.3	-7.5	-7.3	-7.5	-7.6	-6.5	-7.4	-7.0	-7.2	-8.0	-6.5	-6.3	-6.3	-6.1	-5.4	-6.0	-5.8	-6.5	-6.2	-7.6	-7.1	-7.6	-7.2	-7.3	-6.8	-6.8	-6.8	-7.3	-6.8	-7.2	-6.9	-7.9	-7.1	-7.1	-5.8	-7.0	-7.9	-7.8	-7.6	-6.5	-8.1	-7.4	-6.0	-7.4	-5.4	-6.3	-6.7	-7.2	-6.0	-7.2	-7.4	-7.6	-8.0	-7.9	-5.6	-7.6	-6.5	-6.6	-6.3	-7.3	-7.5	-7.2	-6.2	-5.9	-7.6	-6.0	-6.2	-7.2	-6.3	-6.1	-5.9	-5.8	-5.7	-7.0	-7.4	-6.3	-7.7	-7.2	-5.8	-6.5	-7.8	-7.1	-6.9	-5.7	-6.1	-7.6	-7.6	-6.4	-6.2	-6.0	-7.3	-7.0	-6.5	-6.2	-6.4	-5.3	-6.0	-6.1	-6.3	-5.6	-6.9	-7.0	-6.4	-6.8	-5.4	-6.2	-6.5	-6.6	-8.1	-6.7	-5.9	-6.5	-6.3	-6.2	-6.1	-6.1	-6.4	-5.4	-6.9	-7.5	-5.7	-7.1	-6.4	-6.5	-7.4	-7.3	-6.1	-7.1	-7.5	-5.2	-7.4	-6.9	-7.4	-7.8	-6.3	-7.7	-7.1	-7.6	-7.7	-7.6	-7.1	-7.6	-7.3	-7.8	-7.9	-6.6	-5.6	-7.6	-7.6	-6.6	-6.9	-7.1	-5.4	-6.7	-6.8
