uniprot	sequence	Schneider.lag1	Schneider.lag2	Schneider.lag3	Schneider.lag4	Schneider.lag5	Schneider.lag6	Schneider.lag7	Schneider.lag8	Schneider.lag9	Schneider.lag10	Schneider.lag11	Schneider.lag12	Schneider.lag13	Schneider.lag14	Schneider.lag15	Schneider.lag16	Schneider.lag17	Schneider.lag18	Schneider.lag19	Schneider.lag20	Schneider.lag21	Schneider.lag22	Schneider.lag23	Schneider.lag24	Schneider.lag25	Schneider.lag26	Schneider.lag27	Schneider.lag28	Schneider.lag29	Schneider.lag30	Grantham.lag1	Grantham.lag2	Grantham.lag3	Grantham.lag4	Grantham.lag5	Grantham.lag6	Grantham.lag7	Grantham.lag8	Grantham.lag9	Grantham.lag10	Grantham.lag11	Grantham.lag12	Grantham.lag13	Grantham.lag14	Grantham.lag15	Grantham.lag16	Grantham.lag17	Grantham.lag18	Grantham.lag19	Grantham.lag20	Grantham.lag21	Grantham.lag22	Grantham.lag23	Grantham.lag24	Grantham.lag25	Grantham.lag26	Grantham.lag27	Grantham.lag28	Grantham.lag29	Grantham.lag30
O14757	MAVPFVEDWDLVQTLGEGAYGEVQLAVNRVTEEAVAVKIVDMKRAVDCPENIKKEICINKMLNHENVVKFYGHRREGNIQYLFLEYCSGGELFDRIEPDIGMPEPDAQRFFHQLMAGVVYLHGIGITHRDIKPENLLLDERDNLKISDFGLATVFRYNNRERLLNKMCGTLPYVAPELLKRREFHAEPVDVWSCGIVLTAMLAGELPWDQPSDSCQEYSDWKEKKTYLNPWKKIDSAPLALLHKILVENPSARITIPDIKKDRWYNKPLKKGAKRPRVTSGGVSESPSGFSKHIQSNLDFSPVNSASSEENVKYSSSQPEPRTGLSLWDTSPSYIDKLVQGISFSQPTCPDHMLLNSQLLGTPGSSQNPWQRLVKRMTRFFTKLDADKSYQCLKETCEKLGYQWKKSCMNQVTISTTDRRNNKLIFKVNLLEMDDKILVDFRLSKGDGLEFKRHFLKIKGKLIDIVSSQKIWLPAT	173.891404	183.162227	181.660344	179.973404	181.067298	191.847805	175.942687	187.464085	180.795626	165.124321	173.014686	174.313204	188.716725	180.328104	175.174082	176.046472	180.934399	176.834927	174.326626	177.736307	168.449928	167.910852	177.259945	174.903933	171.586584	175.043904	173.807522	172.204459	180.678606	167.12877	4956170	5026080	5072813	4982884	4957391	5113326	4959531	5179827	5036449	4559811	4919995	4938179	5006116	4812183	4960621	4742538	4975583	4764089	4672785	4942569	4829009	4735315	4863615	4829901	4493654	4599530	4883017	4819276	4742156	4701140
O14965	MDRSKENCISGPVKATAPVGGPKRVLVTQQFPCQNPLPVNSGQAQRVLCPSNSSQRVPLQAQKLVSSHKPVQNQKQKQLQATSVPHPVSRPLNNTQKSKQPLPSAPENNPEEELASKQKNEESKKRQWALEDFEIGRPLGKGKFGNVYLAREKQSKFILALKVLFKAQLEKAGVEHQLRREVEIQSHLRHPNILRLYGYFHDATRVYLILEYAPLGTVYRELQKLSKFDEQRTATYITELANALSYCHSKRVIHRDIKPENLLLGSAGELKIADFGWSVHAPSSRRTTLCGTLDYLPPEMIEGRMHDEKVDLWSLGVLCYEFLVGKPPFEANTYQETYKRISRVEFTFPDFVTEGARDLISRLLKHNPSQRPMLREVLEHPWITANSSKPSNCQNKESASKQS	147.753589	153.244673	148.219514	141.805381	136.994188	147.149702	152.462071	148.527014	131.011708	135.802453	152.162759	146.392446	143.078466	140.542055	141.651318	156.228698	143.096634	136.132529	131.885713	151.361166	139.528442	128.659162	147.868034	142.045218	135.80343	136.782826	139.111745	137.045294	139.871635	132.375502	3853638	3783160	3787837	3673581	3505796	3809146	3844858	3771762	3505636	3629052	3729012	3588132	3600985	3676047	3724540	3656880	3665623	3478358	3480606	3775240	3662789	3341680	3656217	3568479	3287552	3495405	3649397	3501210	3472076	3540508
O60674	MGMACLTMTEMEGTSTSSIYQNGDISGNANSMKQIDPVLQVYLYHSLGKSEADYLTFPSGEYVAEEICIAASKACGITPVYHNMFALMSETERIWYPPNHVFHIDESTRHNVLYRIRFYFPRWYCSGSNRAYRHGISRGAEAPLLDDFVMSYLFAQWRHDFVHGWIKVPVTHETQEECLGMAVLDMMRIAKENDQTPLAIYNSISYKTFLPKCIRAKIQDYHILTRKRIRYRFRRFIQQFSQCKATARNLKLKYLINLETLQSAFYTEKFEVKEPGSGPSGEEIFATIIITGNGGIQWSRGKHKESETLTEQDLQLYCDFPNIIDVSIKQANQEGSNESRVVTIHKQDGKNLEIELSSLREALSFVSLIDGYYRLTADAHHYLCKEVAPPAVLENIQSNCHGPISMDFAISKLKKAGNQTGLYVLRCSPKDFNKYFLTFAVERENVIEYKHCLITKNENEEYNLSGTKKNFSSLKDLLNCYQMETVRSDNIIFQFTKCCPPKPKDKSNLLVFRTNGVSDVPTSPTLQRPTHMNQMVFHKIRNEDLIFNESLGQGTFTKIFKGVRREVGDYGQLHETEVLLKVLDKAHRNYSESFFEAASMMSKLSHKHLVLNYGVCVCGDENILVQEFVKFGSLDTYLKKNKNCINILWKLEVAKQLAWAMHFLEENTLIHGNVCAKNILLIREEDRKTGNPPFIKLSDPGISITVLPKDILQERIPWVPPECIENPKNLNLATDKWSFGTTLWEICSGGDKPLSALDSQRKLQFYEDRHQLPAPKWAELANLINNCMDYEPDFRPSFRAIIRDLNSLFTPDYELLTENDMLPNMRIGALGFSGAFEDRDPTQFEERHLKFLQQLGKGNFGSVEMCRYDPLQDNTGEVVAVKKLQHSTEEHLRDFEREIEILKSLQHDNIVKYKGVCYSAGRRNLKLIMEYLPYGSLRDYLQKHKERIDHIKLLQYTSQICKGMEYLGTKRYIHRDLATRNILVENENRVKIGDFGLTKVLPQDKEYYKVKEPGESPIFWYAPESLTESKFSVASDVWSFGVVLYELFTYIEKSKSPPAEFMRMIGNDKQGQMIVFHLIELLKNNGRLPRPDGCPDEIYMIMTECWNNNVNQRPSFRDLALRVDQIRDNMAG	422.42859	433.435725	429.999803	429.191453	432.000534	436.808293	431.729369	423.618399	434.292562	423.742658	434.531812	428.514209	422.166478	420.671737	419.673973	423.719415	421.30903	425.378729	417.852375	424.245878	417.601825	433.999629	428.213196	412.665074	404.679	417.431139	402.81603	434.505819	419.545128	413.835837	11832533	11882724	11909607	12074845	12501928	12105805	11941213	11935040	12202609	11683179	11959434	11969927	11662409	11347620	11826178	11973156	11558259	11552426	11229894	11628622	11477053	12043662	11826309	11431148	11269289	11751506	11396758	11324277	11721085	11328927
O60885	MSAESGPGTRLRNLPVMGDGLETSQMSTTQAQAQPQPANAASTNPPPPETSNPNKPKRQTNQLQYLLRVVLKTLWKHQFAWPFQQPVDAVKLNLPDYYKIIKTPMDMGTIKKRLENNYYWNAQECIQDFNTMFTNCYIYNKPGDDIVLMAEALEKLFLQKINELPTEETEIMIVQAKGRGRGRKETGTAKPGVSTVPNTTQASTPPQTQTPQPNPPPVQATPHPFPAVTPDLIVQTPVMTVVPPQPLQTPPPVPPQPQPPPAPAPQPVQSHPPIIAATPQPVKTKKGVKRKADTTTPTTIDPIHEPPSLPPEPKTTKLGQRRESSRPVKPPKKDVPDSQQHPAPEKSSKVSEQLKCCSGILKEMFAKKHAAYAWPFYKPVDVEALGLHDYCDIIKHPMDMSTIKSKLEAREYRDAQEFGADVRLMFSNCYKYNPPDHEVVAMARKLQDVFEMRFAKMPDEPEEPVVAVSSPAVPPPTKVVAPPSSSDSSSDSSSDSDSSTDDSEEERAQRLAELQEQLKAVHEQLAALSQPQQNKPKKKEKDKKEKKKEKHKRKEEVEENKKSKAKEPPPKKTKKNNSSNSNVSKKEPAPMKSKPPPTYESEEEDKCKPMSYEEKRQLSLDINKLPGEKLGRVVHIIQSREPSLKNSNPDEIEIDFETLKPSTLRELERYVTSCLRKKRKPQAEKVDVIAGSSKMKGFSSSESESSSESSSSDSEDSETEMAPKSKKKGHPGREQKKHHHHHHQQMQQAPAPVPQQPPPPPQQPPPPPPPQQQQQPPPPPPPPSMPQQAAPAMKSSPPPFIATQVPVLEPQLPGSVFDPIGHFTQPILHLPQPELPPHLPQPPEHSTPPHLNQHAVVSPPALHNALPQQPSRPSNRAAALPPKPARPPAVSPALTQTPLLPQPPMAQPPQVLLEDEEPPAPPLTSMQMQLYLQQLQKVQPPTPLLPSVKVQSQPPPPLPPPPHPSVQQQLQQQPPPPPPPQPQPPPQQQHQPPPRPVHLQPMQFSTHIQQPPPPQGQQPPHPPPGQQPPPPQPAKPQQVIQHHHSPRHHKSDPYSTGHLREAPSPLMIHSPQMSQFQSLTHQSPPQQNVQPKKQELRAASVVQPQPLVVVKEEKIHSPIIRSEPFSPSLRPEPPKHPESIKAPVHLPQRPEMKPVDVGRPVIRPPEQNAPPPGAPDKDKQKQEPKTPVAPKKDLKIKNMGSWASLVQKHPTTPSSTAKSSSDSFEQFRRAAREKEEREKALKAQAEHAEKEKERLRQERMRSREDEDALEQARRAHEEARRRQEQQQQQRQEQQQQQQQQAAAVAAAATPQAQSSQPQSMLDQQRELARKREQERRRREAMAATIDMNFQSDLLSIFEENLF	394.066671	396.292101	381.99234	396.694683	419.399916	414.708883	406.249689	401.966868	412.455166	403.860165	415.103129	411.490588	420.480719	409.075825	408.787198	417.328252	425.715014	425.929112	420.738327	430.295769	437.77219	430.879247	442.267916	437.031417	438.691443	431.494651	432.405738	410.905475	433.164185	439.153272	9628134	9903435	9626925	9719475	9895277	9845360	9674190	9612956	9984196	9728268	9943679	9982730	10267536	10012975	9824580	10306246	10291863	9988797	9991172	9999433	10754475	9978193	10431269	10364156	10524679	10053575	10057598	9915089	10372419	10433610
P00519	MLEICLKLVGCKSKKGLSSSSSCYLEEALQRPVASDFEPQGLSEAARWNSKENLLAGPSENDPNLFVALYDFVASGDNTLSITKGEKLRVLGYNHNGEWCEAQTKNGQGWVPSNYITPVNSLEKHSWYHGPVSRNAAEYLLSSGINGSFLVRESESSPGQRSISLRYEGRVYHYRINTASDGKLYVSSESRFNTLAELVHHHSTVADGLITTLHYPAPKRNKPTVYGVSPNYDKWEMERTDITMKHKLGGGQYGEVYEGVWKKYSLTVAVKTLKEDTMEVEEFLKEAAVMKEIKHPNLVQLLGVCTREPPFYIITEFMTYGNLLDYLRECNRQEVNAVVLLYMATQISSAMEYLEKKNFIHRDLAARNCLVGENHLVKVADFGLSRLMTGDTYTAHAGAKFPIKWTAPESLAYNKFSIKSDVWAFGVLLWEIATYGMSPYPGIDLSQVYELLEKDYRMERPEGCPEKVYELMRACWQWNPSDRPSFAEIHQAFETMFQESSISDEVEKELGKQGVRGAVSTLLQAPELPTKTRTSRRAAEHRDTTDVPEMPHSKGQGESDPLDHEPAVSPLLPRKERGPPEGGLNEDERLLPKDKKTNLFSALIKKKKKTAPTPPKRSSSFREMDGQPERRGAGEEEGRDISNGALAFTPLDTADPAKSPKPSNGAGVPNGALRESGGSGFRSPHLWKKSSTLTSSRLATGEEEGGGSSSKRFLRSCSASCVPHGAKDTEWRSVTLPRDLQSTGRQFDSSTFGGHKSEKPALPRKRAGENRSDQVTRGTVTPPPRLVKKNEEAADEVFKDIMESSPGSSPPNLTPKPLRRQVTVAPASGLPHKEEAGKGSALGTPAAAEPVTPTSKAGSGAPGGTSKGPAEESRVRRHKHSSESPGRDKGKLSRLKPAPPPPPAASAGKAGGKPSQSPSQEAAGEAVLGAKTKATSLVDAVNSDAAKPSQPGEGLKKPVLPATPKPQSAKPSGTPISPAPVPSTLPSASSALAGDQPSSTAFIPLISTRVSLRKTRQPPERIASGAITKGVVLDSTEALCLAISRNSEQMASHSAVLEAGKNLYTFCVSYVDSIQQMRNKFAFREAINKLENNLRELQICPATAGSGPAATQDFSKLLSSVKEISDIVQR	384.45371	414.800377	399.51384	398.40773	395.595511	397.405342	403.588008	405.728094	402.999235	411.721889	389.829942	394.179511	387.426183	404.820834	406.234604	397.009793	388.665983	386.464584	403.196812	404.019046	394.166446	396.318275	393.967752	377.656626	410.551347	404.08073	390.660592	397.873668	382.765011	396.999345	10157030	10962292	10515725	10362795	10451251	10385969	10476333	11063843	10403618	10532395	10361937	10115318	10099589	10754615	10579777	10617179	9927944	10023165	10394151	10165962	10175785	10069257	10352527	9647306	10031240	10164876	9945523	10263552	9944983	10429112
P00734	MAHVRGLQLPGCLALAALCSLVHSQHVFLAPQQARSLLQRVRRANTFLEEVRKGNLERECVEETCSYEEAFEALESSTATDVFWAKYTACETARTPRDKLAACLEGNCAEGLGTNYRGHVNITRSGIECQLWRSRYPHKPEINSTTHPGADLQENFCRNPDSSTTGPWCYTTDPTVRRQECSIPVCGQDQVTVAMTPRSEGSSVNLSPPLEQCVPDRGQQYQGRLAVTTHGLPCLAWASAQAKALSKHQDFNSAVQLVENFCRNPDGDEEGVWCYVAGKPGDFGYCDLNYCEEAVEEETGDGLDEDSDRAIEGRTATSEYQTFFNPRTFGSGEADCGLRPLFEKKSLEDKTERELLESYIDGRIVEGSDAEIGMSPWQVMLFRKSPQELLCGASLISDRWVLTAAHCLLYPPWDKNFTENDLLVRIGKHSRTRYERNIEKISMLEKIYIHPRYNWRENLDRDIALMKLKKPVAFSDYIHPVCLPDRETAASLLQAGYKGRVTGWGNLKETWTANVGKGQPSVLQVVNLPIVERPVCKDSTRIRITDNMFCAGYKPDEGKRGDACEGDSGGPFVMKSPFNNRWYQMGIVSWGEGCDRDGKYGFYTHVFRLKKWIQKVIDQFGE	233.498539	243.048953	230.960776	226.943414	217.840585	226.18192	235.286567	233.907707	231.317014	225.106368	227.811155	237.941998	224.217562	232.823786	230.706602	216.402825	227.814409	224.867628	212.431844	235.227444	232.147141	222.36168	223.874588	226.60807	237.178237	225.620492	224.232771	243.245386	225.303176	205.784231	7108826	7079971	6692539	6608499	6649597	6719475	6967076	6948069	6850014	6652547	6944123	6597244	6571589	6789871	6444221	6693069	6711920	6173110	6628221	6774650	6616855	6557250	6590009	6540526	6639515	6490123	6419352	6715103	6493060	5831209
P00742	MGRPLHLVLLSASLAGLLLLGESLFIRREQANNILARVTRANSFLEEMKKGHLERECMEETCSYEEAREVFEDSDKTNEFWNKYKDGDQCETSPCQNQGKCKDGLGEYTCTCLEGFEGKNCELFTRKLCSLDNGDCDQFCHEEQNSVVCSCARGYTLADNGKACIPTGPYPCGKQTLERRKRSVAQATSSSGEAPDSITWKPYDAADLDPTENPFDLLDFNQTQPERGDNNLTRIVGGQECKDGECPWQALLINEENEGFCGGTILSEFYILTAAHCLYQAKRFKVRVGDRNTEQEEGGEAVHEVEVVIKHNRFTKETYDFDIAVLRLKTPITFRMNVAPACLPERDWAESTLMTQKTGIVSGFGRTHEKGRQSTRLKMLEVPYVDRNSCKLSSSFIITQNMFCAGYDTKQEDACQGDSGGPHVTRFKDTYFVTGIVSWGEGCARKGKYGIYTKVTAFLKWIDRSMKTRGLPKAKSHAPEVITSSPLK	184.306033	186.058522	170.68158	190.953557	181.238023	180.890262	183.369669	188.318458	185.146193	175.328018	192.698148	181.666838	175.395849	193.49763	171.79712	174.448456	180.843161	175.683898	161.104672	179.402008	182.098102	182.021735	172.795895	184.773278	179.920936	172.04265	175.657884	173.212055	177.93456	179.444146	5390220	5352731	5139188	5453907	4993620	5528740	5265162	5415223	5328487	5255521	5493959	5291904	5265718	5428552	4937714	5178947	5148191	5105802	4911656	4970775	5301302	5225951	5208622	5132778	5222603	5118078	5158148	5077725	5240524	4927801
P00749	MRALLARLLLCVLVVSDSKGSNELHQVPSNCDCLNGGTCVSNKYFSNIHWCNCPKKFGGQHCEIDKSKTCYEGNGHFYRGKASTDTMGRPCLPWNSATVLQQTYHAHRSDALQLGLGKHNYCRNPDNRRRPWCYVQVGLKPLVQECMVHDCADGKKPSSPPEELKFQCGQKTLRPRFKIIGGEFTTIENQPWFAAIYRRHRGGSVTYVCGGSLISPCWVISATHCFIDYPKKEDYIVYLGRSRLNSNTQGEMKFEVENLILHKDYSADTLAHHNDIALLKIRSKEGRCAQPSRTIQTICLPSMYNDPQFGTSCEITGFGKENSTDYLYPEQLKMTVVKLISHRECQQPHYYGSEVTTKMLCAADPQWKTDSCQGDSGGPLVCSLQGRMTLTGIVSWGRGCALKDKPGVYTRVSHFLPWIRSHTKEENGLAL	154.919256	147.168676	165.866491	164.524945	150.582423	153.321194	154.609295	160.050566	151.356785	149.320893	148.021789	151.558998	146.377176	165.847064	160.308268	150.163213	150.950995	152.826438	155.251564	151.204357	136.85052	144.36541	140.062217	148.20971	151.208239	155.347326	147.191278	157.312425	143.275354	142.117255	4884176	4836504	5184844	5169482	4748017	4783725	4901624	4826438	4753972	5014252	4704064	4947563	4646432	5012796	5167479	4730426	4690218	4688884	4953490	4826736	4320347	4435306	4686430	4662189	4890861	4870236	4971066	4703390	4582422	4564915
P00918	MSHHWGYGKHNGPEHWHKDFPIAKGERQSPVDIDTHTAKYDPSLKPLSVSYDQATSLRILNNGHAFNVEFDDSQDKAVLKGGPLDGTYRLIQFHFHWGSLDGQGSEHTVDKKKYAAELHLVHWNTKYGDFGKAVQQPDGLAVLGIFLKVGSAKPGLQKVVDVLDSIKTKGKSADFTNFDPRGLLPESLDYWTYPGSLTTPPLLECVTWIVLKEPISVSSEQVLKFRKLNFNGEGEPEELMVDNWRPAQPLKNRQIKASFK	109.289748	101.435225	98.260453	101.824613	91.700914	96.428089	91.266694	103.88879	89.617665	95.487651	94.21877	96.539658	89.194495	97.734714	92.304126	88.788522	94.128859	85.862681	90.256816	96.261428	90.251624	90.682178	88.227693	95.619682	86.134959	85.798745	90.360416	93.033752	92.774527	88.944775	2847153	2405934	2588303	2579364	2557855	2498643	2493013	2838413	2311994	2606252	2445833	2592692	2231368	2558532	2386415	2414486	2433254	2349616	2281614	2449385	2367565	2320170	2338770	2346314	2329485	2313320	2323546	2481738	2311957	2235008
P03372	MTMTLHTKASGMALLHQIQGNELEPLNRPQLKIPLERPLGEVYLDSSKPAVYNYPEGAAYEFNAAAAANAQVYGQTGLPYGPGSEAAAFGSNGLGGFPPLNSVSPSPLMLLHPPPQLSPFLQPHGQQVPYYLENEPSGYTVREAGPPAFYRPNSDNRRQGGRERLASTNDKGSMAMESAKETRYCAVCNDYASGYHYGVWSCEGCKAFFKRSIQGHNDYMCPATNQCTIDKNRRKSCQACRLRKCYEVGMMKGGIRKDRRGGRMLKHKRQRDDGEGRGEVGSAGDMRAANLWPSPLMIKRSKKNSLALSLTADQMVSALLDAEPPILYSEYDPTRPFSEASMMGLLTNLADRELVHMINWAKRVPGFVDLTLHDQVHLLECAWLEILMIGLVWRSMEHPGKLLFAPNLLLDRNQGKCVEGMVEIFDMLLATSSRFRMMNLQGEEFVCLKSIILLNSGVYTFLSSTLKSLEEKDHIHRVLDKITDTLIHLMAKAGLTLQQQHQRLAQLLLILSHIRHMSNKGMEHLYSMKCKNVVPLYDLLLEMLDAHRLHAPTSRGGASVEETDQSHLATAGSTSSHSLQKYYITGEAEGFPATV	201.634973	208.9345	201.74039	205.015554	218.903711	211.339838	202.607997	196.279125	205.16549	201.598285	200.552998	203.554707	193.732042	207.982351	207.139398	200.779515	205.254105	208.804571	201.852368	203.926949	199.68927	202.16864	202.759471	203.679406	196.743551	200.144928	198.905536	194.214186	195.964055	204.90288	5866563	6159923	5720770	6109183	6207983	6061114	6067025	5491610	5636850	5834341	5649116	5770674	5760318	5960301	5831418	5515008	5822861	5744595	5732305	5752092	5484537	5896010	5852375	5661278	5877644	5761174	5603120	5818991	5489203	5729986
P03951	MIFLYQVVHFILFTSVSGECVTQLLKDTCFEGGDITTVFTPSAKYCQVVCTYHPRCLLFTFTAESPSEDPTRWFTCVLKDSVTETLPRVNRTAAISGYSFKQCSHQISACNKDIYVDLDMKGINYNSSVAKSAQECQERCTDDVHCHFFTYATRQFPSLEHRNICLLKHTQTGTPTRITKLDKVVSGFSLKSCALSNLACIRDIFPNTVFADSNIDSVMAPDAFVCGRICTHHPGCLFFTFFSQEWPKESQRNLCLLKTSESGLPSTRIKKSKALSGFSLQSCRHSIPVFCHSSFYHDTDFLGEELDIVAAKSHEACQKLCTNAVRCQFFTYTPAQASCNEGKGKCYLKLSSNGSPTKILHGRGGISGYTLRLCKMDNECTTKIKPRIVGGTASVRGEWPWQVTLHTTSPTQRHLCGGSIIGNQWILTAAHCFYGVESPKILRVYSGILNQSEIKEDTSFFGVQEIIIHDQYKMAESGYDIALLKLETTVNYTDSQRPICLPSKGDRNVIYTDCWVTGWGYRKLRDKIQNTLQKAKIPLVTNEECQKRYRGHKITHKMICAGYREGGKDACKGDSGGPLSCKHNEVWHLVGITSWGEGCAQRERPGVYTNVVEYVDWILEKTQAV	222.001047	228.032397	221.533217	218.840611	228.730477	236.2333	218.574795	224.264615	218.094886	224.312797	224.365225	212.086504	220.029626	212.255182	217.571539	210.798158	214.639817	220.157943	210.319299	209.435367	207.571634	213.880324	218.089443	220.480928	215.423656	208.83506	220.198799	213.683274	205.678536	200.76798	7194803	7529362	7292692	7053096	7086323	7148078	7059534	7536042	7153381	7020356	7181639	7105667	7045614	6642306	7036038	7125183	7054463	6984050	6832264	6889980	6992187	7134038	6822016	6986708	6974880	6798597	6819712	6680054	6609749	6518377
P04637	MEEPQSDPSVEPPLSQETFSDLWKLLPENNVLSPLPSQAMDDLMLSPDDIEQWFTEDPGPDEAPRMPEAAPPVAPAPAAPTPAAPAPAPSWPLSSSVPSQKTYQGSYGFRLGFLHSGTAKSVTCTYSPALNKMFCQLAKTCPVQLWVDSTPPPGTRVRAMAIYKQSQHMTEVVRRCPHHERCSDSDGLAPPQHLIRVEGNLRVEYLDDRNTFRHSVVVPYEPPEVGSDCTTIHYNYMCNSSCMGGMNRRPILTIITLEDSSGNLLGRNSFEVRVCACPGRDRRTEEENLRKKGEPHHELPPGSTKRALPNNTSSSPQPKKKPLDGEYFTLQIRGRERFEMFRELNEALELKDAQAGKEPGGSRAHSSHLKSKKGQSTSRHKKLMFKTEGPDSD	131.652095	137.89781	138.846199	136.346581	135.116396	131.107091	128.677032	143.609786	124.981206	129.513698	134.89277	129.785851	134.055573	129.013893	127.370809	126.903639	137.637703	134.172901	129.889946	137.750439	127.624849	132.746598	125.668851	129.246248	128.480971	136.338153	131.913323	124.98779	135.949747	126.774352	3486792	3675123	3789528	3661849	3973999	3662647	3792742	3882117	3472266	3671202	3777489	3579290	3607030	3746767	3727776	3650313	3807636	3635256	3556422	3781739	3540726	3704584	3686343	3771300	3593669	3767297	3687705	3500294	3695687	3572394
P07900	MPEETQTQDQPMEEEEVETFAFQAEIAQLMSLIINTFYSNKEIFLRELISNSSDALDKIRYESLTDPSKLDSGKELHINLIPNKQDRTLTIVDTGIGMTKADLINNLGTIAKSGTKAFMEALQAGADISMIGQFGVGFYSAYLVAEKVTVITKHNDDEQYAWESSAGGSFTVRTDTGEPMGRGTKVILHLKEDQTEYLEERRIKEIVKKHSQFIGYPITLFVEKERDKEVSDDEAEEKEDKEEEKEKEEKESEDKPEIEDVGSDEEEEKKDGDKKKKKKIKEKYIDQEELNKTKPIWTRNPDDITNEEYGEFYKSLTNDWEDHLAVKHFSVEGQLEFRALLFVPRRAPFDLFENRKKKNNIKLYVRRVFIMDNCEELIPEYLNFIRGVVDSEDLPLNISREMLQQSKILKVIRKNLVKKCLELFTELAEDKENYKKFYEQFSKNIKLGIHEDSQNRKKLSELLRYYTSASGDEMVSLKDYCTRMKENQKHIYYITGETKDQVANSAFVERLRKHGLEVIYMIEPIDEYCVQQLKEFEGKTLVSVTKEGLELPEDEEEKKKQEEKKTKFENLCKIMKDILEKKVEKVVVSNRLVTSPCCIVTSTYGWTANMERIMKAQALRDNSTMGYMAAKKHLEINPDHSIIETLRQKAEADKNDKSVKDLVILLYETALLSSGFSLEDPQTHANRIYRMIKLGLGIDEDDPTADDTSAAVTEEMPPLEGDDDTSRMEEVD	258.11986	293.327229	266.751382	259.033311	276.139983	283.213473	268.327333	272.079307	267.026221	276.867961	272.765983	274.727712	279.118289	273.390691	282.467437	278.699699	271.241096	279.834259	283.326451	267.821507	268.360897	272.121865	288.273364	275.945057	275.092425	266.110748	256.55827	261.156211	268.423434	277.246765	6582078	6954314	6663573	6624345	7125469	7007041	6857129	6690694	6923906	7281272	6802490	6738934	7193900	6630588	6795342	6765458	6879931	6756769	6917884	6554571	6922752	6759079	7058866	6933826	6879076	6561074	6438010	6529443	6638911	7005370
P10275	MEVQLGLGRVYPRPPSKTYRGAFQNLFQSVREVIQNPGPRHPEAASAAPPGASLLLLQQQQQQQQQQQQQQQQQQQQQQQETSPRQQQQQQGEDGSPQAHRRGPTGYLVLDEEQQPSQPQSALECHPERGCVPEPGAAVAASKGLPQQLPAPPDEDDSAAPSTLSLLGPTFPGLSSCSADLKDILSEASTMQLLQQQQQEAVSEGSSSGRAREASGAPTSSKDNYLGGTSTISDNAKELCKAVSVSMGLGVEALEHLSPGEQLRGDCMYAPLLGVPPAVRPTPCAPLAECKGSLLDDSAGKSTEDTAEYSPFKGGYTKGLEGESLGCSGSAAAGSSGTLELPSTLSLYKSGALDEAAAYQSRDYYNFPLALAGPPPPPPPPHPHARIKLENPLDYGSAWAAAAAQCRYGDLASLHGAGAAGPGSGSPSAAASSSWHTLFTAEEGQLYGPCGGGGGGGGGGGGGGGGGGGGGGGEAGAVAPYGYTRPPQGLAGQESDFTAPDVWYPGGMVSRVPYPSPTCVKSEMGPWMDSYSGPYGDMRLETARDHVLPIDYYFPPQKTCLICGDEASGCHYGALTCGSCKVFFKRAAEGKQKYLCASRNDCTIDKFRRKNCPSCRLRKCYEAGMTLGARKLKKLGNLKLQEEGEASSTTSPTEETTQKLTVSHIEGYECQPIFLNVLEAIEPGVVCAGHDNNQPDSFAALLSSLNELGERQLVHVVKWAKALPGFRNLHVDDQMAVIQYSWMGLMVFAMGWRSFTNVNSRMLYFAPDLVFNEYRMHKSRMYSQCVRMRHLSQEFGWLQITPQEFLCMKALLLFSIIPVDGLKNQKFFDELRMNYIKELDRIIACKRKNPTSCSRRFYQLTKLLDSVQPIARELHQFTFDLLIKSHMVSVDFPEMMAEIISVQVPKILSGKVKPIYFHTQ	284.007144	291.130343	283.828184	292.766596	295.589416	301.149917	285.241604	279.401091	288.581575	288.252046	287.4475	275.615971	304.341269	282.882515	283.72719	298.632283	284.572694	301.458173	292.065513	290.3429	287.708008	284.31411	288.745546	286.416651	274.978855	282.98035	276.626826	280.965544	293.832243	294.674074	8756046	9047527	8478550	8708522	9045173	8697839	8664412	8460433	8967987	8872403	9010524	8720091	8972700	8923776	8901154	8966514	8944034	9222507	8790043	8989907	8752950	8605761	8760355	8684196	8692207	8711912	8727507	8752939	9118209	8952398
P11309	MLLSKINSLAHLRAAPCNDLHATKLAPGKEKEPLESQYQVGPLLGSGGFGSVYSGIRVSDNLPVAIKHVEKDRISDWGELPNGTRVPMEVVLLKKVSSGFSGVIRLLDWFERPDSFVLILERPEPVQDLFDFITERGALQEELARSFFWQVLEAVRHCHNCGVLHRDIKDENILIDLNRGELKLIDFGSGALLKDTVYTDFDGTRVYSPPEWIRYHRYHGRSAAVWSLGILLYDMVCGDIPFEHDEEIIRGQVFFRQRVSSECQHLIRWCLALRPSDRPTFEEIQNHPWMQDVLLPQETAEIHLHSLSPGPSK	120.988545	124.667143	113.693135	124.008678	120.386557	114.020912	129.753988	128.728034	117.587661	111.814852	118.014895	117.392375	115.597952	108.193811	123.366711	111.483085	118.089987	116.470113	110.30467	120.089538	123.526	115.692307	115.148989	107.008802	116.058721	114.022645	115.777528	111.619451	107.247059	112.741696	3234565	3546621	3301421	3394816	3389911	3232946	3380202	3580263	3142058	3163552	3326950	3273379	3009302	2952164	3306214	3122520	3274605	3064350	2897885	3196425	3387540	3120015	2989553	2973447	3107106	3004744	3207687	3125930	2897946	2969829
P18031	MEMEKEFEQIDKSGSWAAIYQDIRHEASDFPCRVAKLPKNKNRNRYRDVSPFDHSRIKLHQEDNDYINASLIKMEEAQRSYILTQGPLPNTCGHFWEMVWEQKSRGVVMLNRVMEKGSLKCAQYWPQKEEKEMIFEDTNLKLTLISEDIKSYYTVRQLELENLTTQETREILHFHYTTWPDFGVPESPASFLNFLFKVRESGSLSPEHGPVVVHCSAGIGRSGTFCLADTCLLLMDKRKDPSSVDIKKVLLEMRKFRMGLIQTADQLRFSYLAVIEGAKFIMGDSSVQDQWKELSHEDLEPPPEHIPPPPRPPKRILEPHNGKCREFFPNHQWVKEETQEDKDCPIKEEKGSPLNAAPYGIESMSQDTEVRSRVVGGSLRGAQAASPAKGEPSLPEKDEDHALSYWKPFLVNMCVATVLTAGAYLCYRFLFNSNT	160.854864	155.812081	162.559358	169.02637	169.4284	167.490687	158.408433	159.675146	158.929835	168.64729	148.558945	167.710747	165.941955	159.352759	162.476582	161.174341	154.831364	153.514639	154.006542	156.996641	151.031895	150.282135	172.031834	160.112119	152.595358	160.264632	152.351331	159.794154	153.002575	154.301041	4362581	4376578	4427293	4658115	4365182	4605127	4281860	4489228	4469176	4433080	4233411	4270148	4455240	4049070	4308884	4171691	4345899	4250180	4193447	4093887	4037212	4072787	4378587	4243004	4068252	4179289	4261613	4215186	4205958	4241653
P23458	MQYLNIKEDCNAMAFCAKMRSSKKTEVNLEAPEPGVEVIFYLSDREPLRLGSGEYTAEELCIRAAQACRISPLCHNLFALYDENTKLWYAPNRTITVDDKMSLRLHYRMRFYFTNWHGTNDNEQSVWRHSPKKQKNGYEKKKIPDATPLLDASSLEYLFAQGQYDLVKCLAPIRDPKTEQDGHDIENECLGMAVLAISHYAMMKKMQLPELPKDISYKRYIPETLNKSIRQRNLLTRMRINNVFKDFLKEFNNKTICDSSVSTHDLKVKYLATLETLTKHYGAEIFETSMLLISSENEMNWFHSNDGGNVLYYEVMVTGNLGIQWRHKPNVVSVEKEKNKLKRKKLENKHKKDEEKNKIREEWNNFSYFPEITHIVIKESVVSINKQDNKKMELKLSSHEEALSFVSLVDGYFRLTADAHHYLCTDVAPPLIVHNIQNGCHGPICTEYAINKLRQEGSEEGMYVLRWSCTDFDNILMTVTCFEKSEQVQGAQKQFKNFQIEVQKGRYSLHGSDRSFPSLGDLMSHLKKQILRTDNISFMLKRCCQPKPREISNLLVATKKAQEWQPVYPMSQLSFDRILKKDLVQGEHLGRGTRTHIYSGTLMDYKDDEGTSEEKKIKVILKVLDPSHRDISLAFFEAASMMRQVSHKHIVYLYGVCVRDVENIMVEEFVEGGPLDLFMHRKSDVLTTPWKFKVAKQLASALSYLEDKDLVHGNVCTKNLLLAREGIDSECGPFIKLSDPGIPITVLSRQECIERIPWIAPECVEDSKNLSVAADKWSFGTTLWEICYNGEIPLKDKTLIEKERFYESRCRPVTPSCKELADLMTRCMNYDPNQRPFFRAIMRDINKLEEQNPDIVSEKKPATEVDPTHFEKRFLKRIRDLGEGHFGKVELCRYDPEGDNTGEQVAVKSLKPESGGNHIADLKKEIEILRNLYHENIVKYKGICTEDGGNGIKLIMEFLPSGSLKEYLPKNKNKINLKQQLKYAVQICKGMDYLGSRQYVHRDLAARNVLVESEHQVKIGDFGLTKAIETDKEYYTVKDDRDSPVFWYAPECLMQSKFYIASDVWSFGVTLHELLTYCDSDSSPMALFLKMIGPTHGQMTVTRLVNTLKEGKRLPCPPNCPDEVYQLMRKCWEFQPSNRTSFQNLIEGFEALLK	440.058489	451.334141	463.51127	441.533145	447.773623	448.26427	428.199017	457.813193	433.106839	431.019049	432.963987	433.001492	425.453532	438.671335	444.299634	447.656231	426.881634	442.029379	429.260537	456.066312	442.022132	443.859738	441.933761	433.634162	444.039547	432.687619	448.2083	428.231751	452.058565	426.674638	12141917	12146282	12251507	12566482	12567772	12492793	12311411	12875542	12230751	11890925	12171548	11994091	11829000	11957295	12166997	11846323	11772618	12167431	11724431	12512043	12072988	12051083	11879334	11835205	12035696	11793610	12174920	11912843	12327423	11504587
P24941	MENFQKVEKIGEGTYGVVYKARNKLTGEVVALKKIRLDTETEGVPSTAIREISLLKELNHPNIVKLLDVIHTENKLYLVFEFLHQDLKKFMDASALTGIPLPLIKSYLFQLLQGLAFCHSHRVLHRDLKPQNLLINTEGAIKLADFGLARAFGVPVRTYTHEVVTLWYRAPEILLGCKYYSTAVDIWSLGCIFAEMVTRRALFPGDSEIDQLFRIFRTLGTPDEVVWPGVTSMPDYKPSFPKWARQDFSKVVPPLDEDGRSLLSQMLHYDPNKRISAKAALAHPFFQDVTKPVPHLRL	119.621586	110.311804	108.764642	107.495403	110.933284	108.342344	112.144063	105.564807	115.360453	104.895547	108.626093	104.306152	101.373843	101.430498	103.459296	99.73011	102.513155	97.804764	108.929693	107.259043	100.099825	107.829933	95.175123	96.329255	105.337616	107.177935	101.01674	96.227424	102.446235	99.489057	3001136	2974043	2827725	2876830	2951749	2818134	2894081	2878708	2955050	2877012	2743144	2547172	2698714	2625490	2671097	2762531	2766688	2557572	2744560	2778237	2738958	2834082	2615986	2554029	2636467	2570263	2673509	2785965	2567863	2517818
P37231	MGETLGDSPIDPESDSFTDTLSANISQEMTMVDTEMPFWPTNFGISSVDLSVMEDHSHSFDIKPFTTVDFSSISTPHYEDIPFTRTDPVVADYKYDLKLQEYQSAIKVEPASPPYYSEKTQLYNKPHEEPSNSLMAIECRVCGDKASGFHYGVHACEGCKGFFRRTIRLKLIYDRCDLNCRIHKKSRNKCQYCRFQKCLAVGMSHNAIRFGRMPQAEKEKLLAEISSDIDQLNPESADLRALAKHLYDSYIKSFPLTKAKARAILTGKTTDKSPFVIYDMNSLMMGEDKIKFKHITPLQEQSKEVAIRIFQGCQFRSVEAVQEITEYAKSIPGFVNLDLNDQVTLLKYGVHEIIYTMLASLMNKDGVLISEGQGFMTREFLKSLRKPFGDFMEPKFEFAVKFNALELDDSDLAIFIAVIILSGDRPGLLNVKPIEDIQDNLLQALELQLKLNHPESSQLFAKLLQKMTDLRQIVTEHVQLLQVIKKTETDMSLHPLLQEIYKDLY	204.633892	188.59446	190.047868	178.621917	192.169156	194.986779	177.36879	180.261712	190.612538	178.236857	180.769947	187.06587	178.537283	173.626283	178.563963	172.490489	185.096843	186.153956	179.685449	174.875631	173.213039	175.484479	175.613391	177.236825	181.983462	174.525845	175.714407	182.91981	178.985535	161.512853	5628220	5186383	5066128	5078102	5215010	5539567	5108117	4888120	5330817	5189641	5075151	5112192	4766301	4699820	5113821	4857070	4979723	5012912	5062110	4905693	4868805	4847028	5019685	5057397	5082895	5003254	4892831	5244839	4782347	4492493
P39086	MEHGTLLAQPGLWTRDTSWALLYFLCYILPQTAPQVLRIGGIFETVENEPVNVEELAFKFAVTSINRNRTLMPNTTLTYDIQRINLFDSFEASRRACDQLALGVAALFGPSHSSSVSAVQSICNALEVPHIQTRWKHPSVDNKDLFYINLYPDYAAISRAILDLVLYYNWKTVTVVYEDSTGLIRLQELIKAPSRYNIKIKIRQLPSGNKDAKPLLKEMKKGKEFYVIFDCSHETAAEILKQILFMGMMTEYYHYFFTTLDLFALDLELYRYSGVNMTGFRLLNIDNPHVSSIIEKWSMERLQAPPRPETGLLDGMMTTEAALMYDAVYMVAIASHRASQLTVSSLQCHRHKPWRLGPRFMNLIKEARWDGLTGHITFNKTNGLRKDFDLDIISLKEEGTEKAAGEVSKHLYKVWKKIGIWNSNSGLNMTDSNKDKSSNITDSLANRTLIVTTILEEPYVMYRKSDKPLYGNDRFEGYCLDLLKELSNILGFIYDVKLVPDGKYGAQNDKGEWNGMVKELIDHRADLAVAPLTITYVREKVIDFSKPFMTLGISILYRKPNGTNPGVFSFLNPLSPDIWMYVLLACLGVSCVLFVIARFTPYEWYNPHPCNPDSDVVENNFTLLNSFWFGVGALMQQGSELMPKALSTRIVGGIWWFFTLIIISSYTANLAAFLTVERMESPIDSADDLAKQTKIEYGAVRDGSTMTFFKKSKISTYEKMWAFMSSRQQTALVRNSDEGIQRVLTTDYALLMESTSIEYVTQRNCNLTQIGGLIDSKGYGVGTPIGSPYRDKITIAILQLQEEGKLHMMKEKWWRGNGCPEEDNKEASALGVENIGGIFIVLAAGLVLSVFVAIGEFIYKSRKNNDIEQAFCFFYGLQCKQTHPTNSTSGTTLSTDLECGKLIREERGIRKQSSVHTV	312.534773	333.248524	313.794679	321.161499	322.867681	320.252588	315.944197	322.919773	337.40388	303.438147	321.163703	320.955269	327.635976	318.05897	307.288192	313.640183	317.876368	326.345325	316.387466	310.292291	315.44045	330.541296	323.646045	324.144976	317.488675	324.924812	328.861647	315.969168	312.360687	317.951388	9067953	9445158	9220253	9160425	9411381	9344391	9334071	9207096	9557431	9118475	9324868	9190526	9518891	9152108	9227118	9165184	9308658	9818902	9105269	9168269	9397389	9545548	9162434	9110577	9283187	9267923	9258259	9175326	8951809	8966790
P39900	MKFLLILLLQATASGALPLNSSTSLEKNNVLFGERYLEKFYGLEINKLPVTKMKYSGNLMKEKIQEMQHFLGLKVTGQLDTSTLEMMHAPRCGVPDVHHFREMPGGPVWRKHYITYRINNYTPDMNREDVDYAIRKAFQVWSNVTPLKFSKINTGMADILVVFARGAHGDFHAFDGKGGILAHAFGPGSGIGGDAHFDEDEFWTTHSGGTNLFLTAVHEIGHSLGLGHSSDPKAVMFPTYKYVDINTFRLSADDIRGIQSLYGDPKENQRLPNPDNSEPALCDPNLSFDAVTTVGNKIFFFKDRFFWLKVSERPKTSVNLISSLWPTLPSGIEAAYEIEARNQVFLFKDDKYWLISNLRPEPNYPKSIHSFGFPNFVKKIDAAVFNPRFYRTYFFVDNQYWRYDERRQMMDPGYPKLITKNFQGIGPKIDAVFYSKNKYYYFFQGSNQFEYDFLLQRITKTLKSNSWFGC	173.021124	170.915888	172.542887	185.226	171.936878	181.554913	173.527212	166.895764	171.731223	167.55591	165.790772	168.308948	172.930941	169.871202	181.467129	172.180766	174.864191	173.262139	163.025704	175.256228	180.389826	156.517132	173.954999	161.85902	167.408605	162.647101	164.777401	169.166194	162.62781	165.877866	4576791	4621900	4791314	4840221	4622948	4684695	4405991	4479602	4615979	4652069	4447289	4605466	4666576	4504506	4789998	4530159	4787813	4652944	4474243	4452136	4835695	4262116	4532470	4235137	4669910	4441619	4492378	4682663	4397862	4311206
P56817	MAQALPWLLLWMGAGVLPAHGTQHGIRLPLRSGLGGAPLGLRLPRETDEEPEEPGRRGSFVEMVDNLRGKSGQGYYVEMTVGSPPQTLNILVDTGSSNFAVGAAPHPFLHRYYQRQLSSTYRDLRKGVYVPYTQGKWEGELGTDLVSIPHGPNVTVRANIAAITESDKFFINGSNWEGILGLAYAEIARPDDSLEPFFDSLVKQTHVPNLFSLQLCGAGFPLNQSEVLASVGGSMIIGGIDHSLYTGSLWYTPIRREWYYEVIIVRVEINGQDLKMDCKEYNYDKSIVDSGTTNLRLPKKVFEAAVKSIKAASSTEKFPDGFWLGEQLVCWQAGTTPWNIFPVISLYLMGEVTNQSFRITILPQQYLRPVEDVATSQDDCYKFAISQSSTGTVMGAVIMEGFYVVFDRARKRIGFAVSACHVHDEFRTAAVEGPFVTLDMEDCGYNIPQTDESTLMTIAYVMAAICALFMLPLCLMVCQWRCLRCLRQQHDDFADDISLLK	163.955444	174.271242	162.546084	151.953447	171.448885	180.851503	160.663921	174.24782	164.178053	164.400553	158.640689	173.83305	165.850415	157.288524	161.079082	166.343568	163.542981	164.76594	168.30216	163.406284	159.990259	168.511725	166.666195	165.353257	165.494268	176.214401	172.327017	162.087818	164.725855	165.105499	5085385	5233090	5236688	4676293	5194249	5528460	4857263	5136744	4747947	5299029	5091621	5300596	4879813	4961008	5081010	5086878	4987414	5021559	5142631	5043719	4882588	5058670	4798794	4786289	4822630	5195072	5263563	5058244	5039556	4870912
Q08881	MNNFILLEEQLIKKSQQKRRTSPSNFKVRFFVLTKASLAYFEDRHGKKRTLKGSIELSRIKCVEIVKSDISIPCHYKYPFQVVHDNYLLYVFAPDRESRQRWVLALKEETRNNNSLVPKYHPNFWMDGKWRCCSQLEKLATGCAQYDPTKNASKKPLPPTPEDNRRPLWEPEETVVIALYDYQTNDPQELALRRNEEYCLLDSSEIHWWRVQDRNGHEGYVPSSYLVEKSPNNLETYEWYNKSISRDKAEKLLLDTGKEGAFMVRDSRTAGTYTVSVFTKAVVSENNPCIKHYHIKETNDNPKRYYVAEKYVFDSIPLLINYHQHNGGGLVTRLRYPVCFGRQKAPVTAGLRYGKWVIDPSELTFVQEIGSGQFGLVHLGYWLNKDKVAIKTIREGAMSEEDFIEEAEVMMKLSHPKLVQLYGVCLEQAPICLVFEFMEHGCLSDYLRTQRGLFAAETLLGMCLDVCEGMAYLEEACVIHRDLAARNCLVGENQVIKVSDFGMTRFVLDDQYTSSTGTKFPVKWASPEVFSFSRYSSKSDVWSFGVLMWEVFSEGKIPYENRSNSEVVEDISTGFRLYKPRLASTHVYQIMNHCWKERPEDRPAFSRLLRQLAEIAESGL	232.574194	246.915516	245.622623	243.013645	239.77973	244.127725	239.927749	229.970624	239.040302	220.162035	233.874412	224.916507	241.289485	242.68431	243.12423	229.341423	226.41832	232.979718	230.041642	232.300661	238.017836	238.340818	235.902113	222.345573	241.067182	225.99065	235.386708	230.729791	216.08058	223.019313	6249637	6582082	6882647	6957158	6540604	6793682	6876591	6667423	6688127	6043040	6305957	6207713	6404472	6366993	6562857	6371247	6194821	6419199	6223065	6360749	6683309	6312375	6581784	6311509	6080141	6250465	6057860	6227251	5818421	6160707
Q16539	MSQERPTFYRQELNKTIWEVPERYQNLSPVGSGAYGSVCAAFDTKTGLRVAVKKLSRPFQSIIHAKRTYRELRLLKHMKHENVIGLLDVFTPARSLEEFNDVYLVTHLMGADLNNIVKCQKLTDDHVQFLIYQILRGLKYIHSADIIHRDLKPSNLAVNEDCELKILDFGLARHTDDEMTGYVATRWYRAPEIMLNWMHYNQTVDIWSVGCIMAELLTGRTLFPGTDHIDQLKLILRLVGTPGAELLKKISSESARNYIQSLTQMPKMNFANVFIGANPLAVDLLEKMLVLDSDKRITAAQALAHAYFAQYHDPDDEPVADPYDQSFESRDLLIDEWKSLTYDEVISFVPPPLDQEEMES	134.219946	144.282083	119.969203	130.299947	134.680269	135.822071	133.45363	133.131718	130.670366	128.166723	129.752717	129.511708	118.548359	134.658707	125.274864	129.48531	138.239265	120.309344	129.317288	134.451983	120.993136	131.665083	124.714375	116.705632	127.24497	118.288522	117.401008	120.35595	124.280731	121.591902	3598168	3874049	3366115	3530855	3568774	3596233	3536602	3732073	3385279	3496437	3518019	3413272	3482986	3546758	3262175	3588233	3580778	3278304	3482387	3523063	3447101	3489977	3443117	3206192	3369635	3272885	3247179	3503202	3299145	3132809
Q9H2K2	MSGRRCAGGGAACASAAAEAVEPAARELFEACRNGDVERVKRLVTPEKVNSRDTAGRKSTPLHFAAGFGRKDVVEYLLQNGANVQARDDGGLIPLHNACSFGHAEVVNLLLRHGADPNARDNWNYTPLHEAAIKGKIDVCIVLLQHGAEPTIRNTDGRTALDLADPSAKAVLTGEYKKDELLESARSGNEEKMMALLTPLNVNCHASDGRKSTPLHLAAGYNRVKIVQLLLQHGADVHAKDKGDLVPLHNACSYGHYEVTELLVKHGACVNAMDLWQFTPLHEAASKNRVEVCSLLLSYGADPTLLNCHNKSAIDLAPTPQLKERLAYEFKGHSLLQAAREADVTRIKKHLSLEMVNFKHPQTHETALHCAAASPYPKRKQICELLLRKGANINEKTKEFLTPLHVASEKAHNDVVEVVVKHEAKVNALDNLGQTSLHRAAYCGHLQTCRLLLSYGCDPNIISLQGFTALQMGNENVQQLLQEGISLGNSEADRQLLEAAKAGDVETVKKLCTVQSVNCRDIEGRQSTPLHFAAGYNRVSVVEYLLQHGADVHAKDKGGLVPLHNACSYGHYEVAELLVKHGAVVNVADLWKFTPLHEAAAKGKYEICKLLLQHGADPTKKNRDGNTPLDLVKDGDTDIQDLLRGDAALLDAAKKGCLARVKKLSSPDNVNCRDTQGRHSTPLHLAAGYNNLEVAEYLLQHGADVNAQDKGGLIPLHNAASYGHVDVAALLIKYNACVNATDKWAFTPLHEAAQKGRTQLCALLLAHGADPTLKNQEGQTPLDLVSADDVSALLTAAMPPSALPSCYKPQVLNGVRSPGATADALSSGPSSPSSLSAASSLDNLSGSFSELSSVVSSSGTEGASSLEKKEVPGVDFSITQFVRNLGLEHLMDIFEREQITLDVLVEMGHKELKEIGINAYGHRHKLIKGVERLISGQQGLNPYLTLNTSGSGTILIDLSPDDKEFQSVEEEMQSTVREHRDGGHAGGIFNRYNILKIQKVCNKKLWERYTHRRKEVSEENHNHANERMLFHGSPFVNAIIHKGFDERHAYIGGMFGAGIYFAENSSKSNQYVYGIGGGTGCPVHKDRSCYICHRQLLFCRVTLGKSFLQFSAMKMAHSPPGHHSVTGRPSVNGLALAEYVIYRGEQAYPEYLITYQIMRPEGMVDG	401.486665	428.80814	421.063341	429.155258	408.08435	422.542931	427.158112	399.978714	402.42615	428.282938	420.409934	430.412731	420.067252	406.802451	404.021307	385.264762	386.661263	406.374612	400.296986	413.747183	418.738352	402.456315	435.870161	412.085526	403.239189	426.643896	415.093168	411.550404	420.592319	399.998055	12037925	11853227	11172565	12196130	11713255	11807768	12689361	11327671	11484365	12072908	11358877	11922289	11824534	11331232	11936176	10813485	11093469	11703063	11086890	11682040	11735864	11241304	12675612	11447531	11374716	12517327	11637560	11680337	11859584	10839755
Q9Y233	MRIEERKSQHLTGLTDEKVKAYLSLHPQVLDEFVSESVSAETVEKWLKRKNNKSEDESAPKEVSRYQDTNMQGVVYELNSYIEQRLDTGGDNQLLLYELSSIIKIATKADGFALYFLGECNNSLCIFTPPGIKEGKPRLIPAGPITQGTTVSAYVAKSRKTLLVEDILGDERFPRGTGLESGTRIQSVLCLPIVTAIGDLIGILELYRHWGKEAFCLSHQEVATANLAWASVAIHQVQVCRGLAKQTELNDFLLDVSKTYFDNIVAIDSLLEHIMIYAKNLVNADRCALFQVDHKNKELYSDLFDIGEEKEGKPVFKKTKEIRFSIEKGIAGQVARTGEVLNIPDAYADPRFNREVDLYTGYTTRNILCMPIVSRGSVIGVVQMVNKISGSAFSKTDENNFKMFAVFCALALHCANMYHRIRHSECIYRVTMEKLSYHSICTSEEWQGLMQFTLPVRLCKEIELFHFDIGPFENMWPGIFVYMVHRSCGTSCFELEKLCRFIMSVKKNYRRVPYHNWKHAVTVAHCMYAILQNNHTLFTDLERKGLLIACLCHDLDHRGFSNSYLQKFDHPLAALYSTSTMEQHHFSQTVSILQLEGHNIFSTLSSSEYEQVLEIIRKAIIATDLALYFGNRKQLEEMYQTGSLNLNNQSHRDRVIGLMMTACDLCSVTKLWPVTKLTANDIYAEFWAEGDEMKKLGIQPIPMMDRDKKDEVPQGQLGFYNAVAIPCYTTLTQILPPTEPLLKACRDNLSQWEKVIRGEETATWISSPSVAQKAAASED	267.536723	290.043507	268.630412	272.36825	289.240237	282.966434	291.518988	289.97955	287.090229	270.193966	274.190767	268.541922	273.040568	271.730303	269.824897	268.98308	286.222499	276.272221	279.16166	290.258028	273.238546	280.643558	280.398853	269.344042	268.112756	271.328361	273.825507	267.803941	273.746776	274.898224	8355317	8380029	7904549	8298573	8301899	8260536	8556833	8220088	8276380	8048135	7803838	7871680	8389207	8094454	8200199	7990266	7854913	7857242	8033117	8210526	8013552	7925157	8177258	7866684	7938125	7937427	7866202	7814672	7848484	7945623
